accx,accy,accz
-0.189,0.3314,0.8929
-0.1758,0.3177,0.8762
-0.1646,0.3133,0.8762
-0.1099,0.3026,0.8703
-0.0717,0.285,0.8694
-0.04,0.2757,0.8816
-0.0224,0.2684,0.8889
0.0055,0.2616,0.9021
0.0241,0.2474,0.9212
0.0338,0.2494,0.9339
0.045,0.2371,0.9671
0.0431,0.2381,0.9788
0.0367,0.245,0.9881
0.0338,0.245,0.9984
0.0265,0.2484,1.0111
0.0172,0.2474,1.0023
-0.0004,0.2572,0.9974
-0.0112,0.2655,0.995
-0.0209,0.266,0.9955
-0.0341,0.265,1.0003
-0.04,0.2621,1.0086
-0.0463,0.266,1.0091
-0.0532,0.266,1.013
-0.0541,0.2699,1.014
-0.0522,0.2865,1.0257
-0.0507,0.2904,1.0228
-0.0497,0.2928,1.0277
-0.0414,0.2962,1.0243
-0.0429,0.2967,1.0223
-0.0317,0.2977,1.0194
-0.0234,0.2977,1.0116
-0.0136,0.2938,1.0111
-0.0126,0.2933,1.0067
-0.0038,0.2889,1.0028
0.0006,0.2855,1.0043
0.004,0.2806,1.0043
0.0055,0.2835,1.0043
-0.0014,0.2791,1.0082
-0.0014,0.2826,1.014
-0.0131,0.2801,1.0204
-0.0219,0.2791,1.0404
-0.0288,0.2806,1.0438
-0.0449,0.2811,1.0614
-0.0576,0.2811,1.0853
-0.0747,0.285,1.1127
-0.0844,0.2816,1.1274
-0.0957,0.2772,1.1308
-0.1104,0.2777,1.1503
-0.124,0.2669,1.164
-0.1299,0.2645,1.1664
-0.1421,0.2581,1.1791
-0.1509,0.2528,1.1782
-0.1582,0.2498,1.1743
-0.1568,0.242,1.1703
-0.1538,0.2391,1.165
-0.1597,0.2385,1.1498
-0.1485,0.2346,1.143
-0.1353,0.2415,1.1313
-0.1284,0.244,1.124
-0.1187,0.245,1.1127
-0.1,0.2445,1.1078
-0.0903,0.243,1.0991
-0.0859,0.2396,1.0961
-0.0747,0.2342,1.0888
-0.0634,0.2307,1.0868
-0.0571,0.218,1.0839
-0.0502,0.2122,1.0804
-0.0517,0.197,1.0799
-0.0517,0.1897,1.0843
-0.0512,0.1673,1.0907
-0.0478,0.1565,1.101
-0.0424,0.1511,1.1108
-0.0502,0.1375,1.122
-0.0517,0.1242,1.1327
-0.0629,0.113,1.1489
-0.0639,0.1081,1.162
-0.0727,0.1003,1.1772
-0.0786,0.0969,1.1796
-0.0927,0.0895,1.1869
-0.1015,0.0895,1.1865
-0.1216,0.0832,1.1855
-0.1358,0.0895,1.184
-0.1485,0.0935,1.1733
-0.1538,0.0959,1.1738
-0.1597,0.1047,1.1567
-0.1763,0.1203,1.1254
-0.1782,0.1281,1.1152
-0.1778,0.1286,1.1069
-0.1782,0.1365,1.0986
-0.1778,0.1428,1.0888
-0.1768,0.1443,1.0799
-0.1714,0.1487,1.076
-0.1695,0.1507,1.076
-0.167,0.1531,1.0736
-0.1572,0.1492,1.0702
-0.1514,0.1433,1.0736
-0.1333,0.1271,1.0712
-0.1333,0.1218,1.0692
-0.1177,0.1013,1.0589
-0.1054,0.0915,1.0492
-0.0986,0.0822,1.0414
-0.0888,0.0773,1.0345
-0.079,0.0729,1.0223
-0.079,0.0661,1.0145
-0.0815,0.0583,1.0047
-0.0771,0.0578,1.0028
-0.0854,0.0583,0.9906
-0.0869,0.0559,0.9901
-0.0922,0.0588,0.9906
-0.1015,0.0622,0.9833
-0.1143,0.0632,0.9862
-0.1192,0.0676,0.9847
-0.1309,0.0769,0.9862
-0.1362,0.0812,0.9837
-0.1387,0.0886,0.9823
-0.1402,0.0944,0.9803
-0.1563,0.0988,0.9768
-0.1563,0.1081,0.969
-0.1558,0.1096,0.9651
-0.1602,0.1149,0.9485
-0.1602,0.1184,0.9451
-0.1528,0.1188,0.9285
-0.1475,0.1193,0.9202
-0.1411,0.1184,0.9031
-0.1338,0.1267,0.8899
-0.1309,0.1242,0.8836
-0.124,0.1276,0.8748
-0.1211,0.1262,0.8723
-0.1123,0.1232,0.8733
-0.1094,0.1267,0.8737
-0.1099,0.1262,0.8718
-0.1054,0.1232,0.8802
-0.1079,0.1179,0.8889
-0.1133,0.1169,0.8958
-0.1143,0.1149,0.908
-0.1201,0.1115,0.9197
-0.1226,0.1071,0.9241
-0.1279,0.1018,0.9358
-0.1353,0.1027,0.9383
-0.1377,0.0998,0.9441
-0.1455,0.1052,0.9471
-0.1509,0.1037,0.9475
-0.1533,0.1081,0.9495
-0.1499,0.1115,0.9358
-0.1485,0.1169,0.9295
-0.1499,0.1198,0.9202
-0.1348,0.1331,0.9153
-0.1314,0.1315,0.9119
-0.1235,0.1433,0.9016
-0.1084,0.1394,0.8899
-0.1065,0.1399,0.8811
-0.1025,0.137,0.8753
-0.0966,0.138,0.8733
-0.0883,0.1375,0.862
-0.0864,0.1345,0.8571
-0.0747,0.137,0.8513
-0.0585,0.1345,0.8332
-0.0581,0.1325,0.8332
-0.0537,0.1232,0.8327
-0.0546,0.1193,0.8371
-0.0532,0.1232,0.8454
-0.0551,0.1198,0.8474
-0.0556,0.1232,0.8601
-0.0571,0.1237,0.8659
-0.0585,0.1252,0.8743
-0.0634,0.1237,0.8821
-0.0703,0.1291,0.8889
-0.0742,0.1276,0.8924
-0.0834,0.1286,0.8889
-0.0966,0.1218,0.8938
-0.1025,0.1228,0.8909
-0.1069,0.1281,0.8919
-0.1113,0.1315,0.887
-0.1128,0.1389,0.8841
-0.1109,0.1409,0.8831
-0.1167,0.1463,0.8782
-0.1167,0.1531,0.8762
-0.1138,0.157,0.8733
-0.1133,0.1624,0.864
-0.1143,0.1726,0.8547
-0.1148,0.1765,0.8469
-0.1079,0.1912,0.8357
-0.1015,0.1883,0.8293
-0.0917,0.1819,0.8161
-0.0903,0.176,0.8137
-0.0839,0.1765,0.8147
-0.079,0.1619,0.8127
-0.0732,0.157,0.8117
-0.0693,0.1531,0.8137
-0.0624,0.1565,0.8176
-0.061,0.159,0.8176
-0.0629,0.1609,0.8234
-0.0698,0.1663,0.8244
-0.0693,0.1721,0.8303
-0.0727,0.1819,0.8386
-0.0805,0.1917,0.8469
-0.0859,0.198,0.8562
-0.0981,0.2171,0.8748
-0.1104,0.2322,0.886
-0.1143,0.2381,0.8943
-0.1206,0.2464,0.909
-0.1318,0.2581,0.9207
-0.1421,0.2684,0.9392
-0.145,0.2747,0.9456
-0.1553,0.2826,0.9495
-0.1651,0.285,0.9549
-0.1709,0.2909,0.9558
-0.1817,0.2928,0.9617
-0.1841,0.2904,0.9637
-0.1978,0.2894,0.9695
-0.2022,0.2909,0.9833
-0.2061,0.285,0.9828
-0.2056,0.284,0.9837
-0.1963,0.2757,0.9798
-0.1885,0.2674,0.9808
-0.1826,0.2611,0.9729
-0.1699,0.2489,0.9695
-0.1582,0.2435,0.9656
-0.1519,0.2307,0.9627
-0.1362,0.2219,0.95
-0.126,0.2185,0.9505
-0.1059,0.2053,0.9466
-0.0908,0.1907,0.9392
-0.0834,0.1819,0.9363
-0.0737,0.1721,0.9236
-0.0712,0.1633,0.927
-0.0664,0.1624,0.9246
-0.0659,0.1609,0.9192
-0.0629,0.1594,0.9182
-0.0624,0.1521,0.9178
-0.06,0.1526,0.9173
-0.0634,0.1633,0.9192
-0.06,0.1775,0.9212
-0.0624,0.1858,0.9251
-0.0703,0.2092,0.9422
-0.0756,0.2312,0.9539
-0.0781,0.2415,0.9598
-0.079,0.2552,0.9681
-0.0776,0.2621,0.97
-0.08,0.2655,0.972
-0.082,0.2743,0.9754
-0.0815,0.2762,0.9793
-0.0781,0.2777,0.9773
-0.0722,0.2674,0.9651
-0.0707,0.2611,0.9602
-0.0722,0.2586,0.9461
-0.0693,0.2469,0.9427
-0.0644,0.2317,0.9246
-0.0654,0.2293,0.9192
-0.0678,0.2317,0.9104
-0.0664,0.2298,0.906
-0.0703,0.2385,0.8943
-0.0683,0.245,0.8904
-0.0664,0.2572,0.8885
-0.0698,0.2581,0.8826
-0.0673,0.2762,0.8777
-0.0688,0.2821,0.8753
-0.0673,0.2884,0.8723
-0.0707,0.2928,0.8718
-0.0683,0.2953,0.8753
-0.0644,0.3045,0.8841
-0.0644,0.3143,0.8865
-0.0673,0.3075,0.8977
-0.0698,0.3094,0.9046
-0.0703,0.3055,0.9065
-0.0703,0.2977,0.9095
-0.0707,0.2845,0.9168
-0.0644,0.2787,0.9178
-0.0688,0.266,0.9217
-0.0654,0.2596,0.929
-0.0668,0.2577,0.9261
-0.062,0.2411,0.9309
-0.062,0.2371,0.927
-0.061,0.2322,0.9339
-0.0576,0.2337,0.9397
-0.0561,0.2298,0.9344
-0.0571,0.2273,0.9368
-0.0556,0.2283,0.9407
-0.0566,0.2273,0.9392
-0.0566,0.2259,0.9436
-0.0585,0.2259,0.9485
-0.061,0.2224,0.949
-0.0595,0.2185,0.9466
-0.0624,0.2224,0.948
-0.0654,0.2219,0.951
-0.0654,0.2136,0.9466
-0.0644,0.2141,0.9505
-0.0629,0.2176,0.9495
-0.0639,0.2136,0.9466
-0.059,0.2151,0.9558
-0.0605,0.2224,0.9568
-0.0595,0.2273,0.9568
-0.0561,0.2381,0.9637
-0.0512,0.2445,0.9671
-0.0497,0.2557,0.9749
-0.0532,0.2601,0.9837
-0.0532,0.264,0.9798
-0.0522,0.265,0.9837
-0.059,0.2718,0.9867
-0.0605,0.2664,0.9842
-0.0634,0.2689,0.9901
-0.0644,0.2723,0.9867
-0.0693,0.2743,0.9867
-0.0776,0.2796,0.9783
-0.0844,0.284,0.9778
-0.0825,0.2889,0.9808
-0.0883,0.2953,0.9749
-0.0874,0.2918,0.9773
-0.0893,0.2957,0.9778
-0.0869,0.2918,0.9857
-0.0825,0.2928,0.9901
-0.0776,0.2914,1.0003
-0.0659,0.2914,1.0096
-0.061,0.2865,1.0165
-0.0527,0.2777,1.0272
-0.0483,0.2723,1.0331
-0.0473,0.2596,1.0448
-0.0424,0.2537,1.0643
-0.0395,0.2498,1.0755
-0.0429,0.2562,1.1034
-0.0424,0.2518,1.121
-0.0429,0.2562,1.1249
-0.0414,0.2498,1.1362
-0.0439,0.2489,1.1396
-0.0449,0.2484,1.1396
-0.0463,0.2415,1.1342
-0.0483,0.2425,1.1308
-0.0478,0.2396,1.1191
-0.0458,0.242,1.1142
-0.0385,0.2459,1.0898
-0.0351,0.2508,1.0804
-0.0224,0.2557,1.0702
-0.0117,0.263,1.0594
-0.0053,0.265,1.0546
0.0001,0.2694,1.0472
0.0099,0.2743,1.0482
0.0148,0.2713,1.0379
0.0231,0.2713,1.0336
0.0231,0.2689,1.0321
0.0275,0.263,1.0389
0.0201,0.265,1.0423
0.0231,0.2562,1.0497
0.0216,0.2518,1.0482
0.0182,0.2415,1.0516
0.0206,0.2312,1.0472
0.0309,0.2283,1.0423
0.0416,0.2234,1.0326
0.0441,0.2219,1.035
0.0514,0.221,1.0306
0.0758,0.2166,1.0233
0.0802,0.2146,1.0213
0.0885,0.2117,1.0272
0.0885,0.2127,1.0365
0.0856,0.2053,1.0531
0.0914,0.1902,1.0672
0.091,0.1804,1.078
0.0875,0.1692,1.0907
0.0846,0.1663,1.0966
0.0743,0.1463,1.1117
0.069,0.1419,1.1161
0.0612,0.1247,1.1205
0.049,0.1218,1.1205
0.0392,0.1159,1.1249
0.0294,0.1096,1.1225
0.026,0.1086,1.122
0.0197,0.0983,1.1279
0.0177,0.0969,1.1332
0.0123,0.0944,1.1386
0.0148,0.0935,1.1596
0.0153,0.0866,1.1689
0.0172,0.0852,1.1747
0.0177,0.0798,1.1738
0.0275,0.07,1.1777
0.0314,0.0651,1.1782
0.0436,0.0598,1.1718
0.0538,0.0544,1.1635
0.0739,0.048,1.145
0.1169,0.0432,1.1137
0.1965,0.0441,1.036
0.2161,0.05,1.0233
0.2259,0.0593,1.0262
0.2161,0.0666,1.0384
0.2136,0.0681,1.0399
0.2063,0.0729,1.0555
0.1804,0.0725,1.0726
0.1657,0.0739,1.0834
0.134,0.0744,1.102
0.1184,0.0749,1.1098
0.0792,0.0773,1.1244
0.068,0.0803,1.124
0.046,0.0852,1.1269
0.0377,0.0881,1.1279
0.0211,0.0993,1.1098
0.0148,0.1022,1.0981
0.0148,0.1066,1.077
0.0133,0.112,1.0658
0.0241,0.1193,1.034
0.0353,0.1242,0.993
0.0426,0.1257,0.9872
0.0651,0.1306,0.9373
0.0743,0.1355,0.9261
0.0851,0.1311,0.9012
0.0812,0.1291,0.8914
0.091,0.1257,0.8811
0.0875,0.1271,0.8792
0.0919,0.1286,0.8772
0.0827,0.1296,0.8753
0.0802,0.1286,0.8811
0.0763,0.132,0.8831
0.0636,0.1355,0.8889
0.0651,0.1409,0.8885
0.0514,0.1428,0.8909
0.047,0.1492,0.8933
0.0407,0.1521,0.8948
0.0358,0.156,0.8997
0.026,0.1653,0.9031
0.0216,0.1726,0.8982
0.0114,0.1961,0.9007
0.0079,0.2063,0.9012
0.0089,0.2078,0.9007
0.0074,0.2161,0.8924
0.0109,0.2132,0.887
0.0128,0.2063,0.8792
0.0172,0.2122,0.8698
0.0206,0.2097,0.8625
0.0363,0.2107,0.8508
0.0494,0.2078,0.8464
0.0617,0.2068,0.8401
0.07,0.2044,0.8342
0.0831,0.1995,0.8239
0.0812,0.1995,0.82
0.0856,0.199,0.82
0.0866,0.1985,0.8215
0.0861,0.1912,0.822
0.0778,0.1883,0.8269
0.07,0.1926,0.8313
0.0734,0.1883,0.8318
0.07,0.1892,0.8332
0.0685,0.1951,0.8425
0.0636,0.1887,0.8401
0.0621,0.1941,0.8532
0.067,0.1917,0.8518
0.0602,0.2063,0.8654
0.0558,0.2068,0.8708
0.0465,0.2112,0.8777
0.0353,0.2044,0.8787
0.0353,0.2009,0.886
0.0367,0.2073,0.8997
0.0416,0.2024,0.8972
0.0519,0.2122,0.906
0.0534,0.2132,0.9075
0.0577,0.2185,0.9207
0.0553,0.2205,0.9212
0.0612,0.22,0.9236
0.0636,0.2234,0.9212
0.0675,0.2215,0.9207
0.0704,0.2166,0.9134
0.0724,0.2176,0.9085
0.0773,0.2039,0.8929
0.0783,0.2,0.8889
0.0817,0.198,0.8821
0.0768,0.1995,0.8767
0.0851,0.1966,0.8723
0.088,0.1985,0.8723
0.0831,0.2068,0.8777
0.0822,0.2073,0.8767
0.0743,0.2278,0.887
0.0617,0.2376,0.9021
0.0548,0.2371,0.9065
0.0499,0.2411,0.8997
0.0358,0.2406,0.8997
0.027,0.2406,0.8948
0.0133,0.2454,0.8953
0.0065,0.2494,0.8836
-0.0029,0.2586,0.8777
-0.0004,0.266,0.8669
0.0006,0.2733,0.8645
0.0011,0.2894,0.8576
0.004,0.2982,0.8523
0.0143,0.2997,0.8444
0.0153,0.3202,0.8415
0.0265,0.3231,0.8337
0.0324,0.328,0.8318
0.0392,0.3255,0.8308
0.0436,0.327,0.8303
0.0573,0.3255,0.8371
0.0612,0.325,0.8401
0.0748,0.3148,0.8537
0.0792,0.3055,0.8601
0.0787,0.3031,0.8669
0.0817,0.2987,0.8816
0.0763,0.2914,0.8943
0.0729,0.2874,0.9114
0.0704,0.2816,0.9251
0.0651,0.2796,0.9305
0.0617,0.2728,0.9402
0.0582,0.2728,0.9451
0.0465,0.2679,0.9505
0.0338,0.2596,0.9515
0.0309,0.2572,0.95
0.0206,0.2542,0.948
0.0162,0.2552,0.9451
0.0104,0.2567,0.9417
0.0026,0.2552,0.9373
0.0006,0.2708,0.93
0.0026,0.2767,0.9265
0.0026,0.2826,0.9246
-0.0009,0.2889,0.9197
-0.0004,0.2904,0.9134
0.0031,0.2948,0.907
0.0021,0.2982,0.908
0.0001,0.2997,0.9075
0.0016,0.2962,0.9055
0.0118,0.2987,0.9139
0.0187,0.2855,0.9197
0.0284,0.2821,0.929
0.0289,0.2752,0.9329
0.0367,0.2723,0.9475
0.0392,0.2674,0.9549
0.0407,0.2674,0.9617
0.0441,0.2577,0.9725
0.0455,0.2474,0.9764
0.0421,0.244,0.972
0.0392,0.2396,0.9671
0.0353,0.2342,0.9632
0.0372,0.2307,0.9485
0.0367,0.2317,0.9456
0.0367,0.2342,0.928
0.0338,0.2401,0.9261
0.0221,0.2547,0.9158
0.0172,0.2621,0.9158
0.0133,0.284,0.9173
0.0089,0.306,0.9153
0.0182,0.3153,0.9226
0.0216,0.326,0.9217
0.0255,0.3255,0.9251
0.028,0.3285,0.9329
0.0402,0.327,0.9407
0.0431,0.3202,0.9412
0.0582,0.3089,0.9524
0.0626,0.3011,0.9573
0.0783,0.2762,0.9744
0.0851,0.2655,0.9837
0.091,0.2498,0.9964
0.0978,0.2415,1.0018
0.1086,0.2244,1.0169
0.1091,0.2229,1.0331
0.111,0.2239,1.036
0.0997,0.2317,1.0467
0.0958,0.2371,1.0589
0.0802,0.2489,1.0677
0.0734,0.2562,1.0731
0.0485,0.2757,1.0873
0.048,0.283,1.0917
0.007,0.3182,1.1259
0.0031,0.3246,1.1313
-0.0063,0.3377,1.1474
-0.0165,0.3431,1.1533
-0.0346,0.3485,1.1738
-0.0356,0.3481,1.1791
-0.0429,0.3431,1.1865
-0.0478,0.3397,1.1865
-0.0458,0.327,1.1889
-0.0473,0.3172,1.1865
-0.0463,0.287,1.1791
-0.0449,0.2718,1.1752
-0.0454,0.2425,1.1791
-0.0463,0.2283,1.1845
-0.0424,0.1995,1.1918
-0.0414,0.1814,1.2021
-0.0419,0.1594,1.2275
-0.041,0.1482,1.2407
-0.038,0.1228,1.2764
-0.0405,0.1159,1.2847
-0.0429,0.1076,1.3028
-0.0454,0.0988,1.2999
-0.0493,0.0969,1.3057
-0.0576,0.0949,1.3062
-0.0751,0.0949,1.2925
-0.081,0.0935,1.2871
-0.0922,0.0998,1.2739
-0.0966,0.1032,1.2617
-0.1065,0.1105,1.2422
-0.1089,0.1159,1.2295
-0.1113,0.1242,1.207
-0.1089,0.132,1.1992
-0.1157,0.1389,1.1904
-0.1148,0.1443,1.1718
-0.1148,0.1477,1.1572
-0.1172,0.155,1.1362
-0.1123,0.1531,1.124
-0.1104,0.156,1.103
-0.1128,0.157,1.0942
-0.1109,0.1511,1.0633
-0.1074,0.1521,1.0521
-0.1113,0.1463,1.0384
-0.1104,0.1487,1.0316
-0.104,0.1472,1.016
-0.1079,0.1472,1.0106
-0.1015,0.1482,0.9857
-0.1065,0.1482,0.9515
-0.1049,0.1526,0.9432
-0.1065,0.1507,0.9417
-0.1109,0.1575,0.9378
-0.1069,0.1594,0.9353
-0.1162,0.1643,0.9397
-0.1128,0.1756,0.95
-0.1196,0.1721,0.9563
-0.1206,0.1697,0.9637
-0.1235,0.1614,0.969
-0.126,0.158,0.9764
-0.1289,0.1443,0.9876
-0.1284,0.1281,0.9916
-0.1304,0.1188,0.993
-0.125,0.112,0.9891
-0.1196,0.1086,0.9891
-0.1074,0.1042,0.9803
-0.0966,0.0983,0.9744
-0.0844,0.0944,0.9607
-0.0727,0.0949,0.9427
-0.0571,0.1081,0.8831
-0.0507,0.114,0.8664
-0.0507,0.1198,0.8654
-0.0517,0.1267,0.8557
-0.0483,0.1276,0.8567
-0.0512,0.137,0.8562
-0.0527,0.1453,0.8513
-0.0551,0.1477,0.8571
-0.0595,0.1526,0.8562
-0.0629,0.155,0.8518
-0.0644,0.1555,0.8557
-0.0688,0.1555,0.8562
-0.0712,0.156,0.8586
-0.0795,0.1565,0.8557
-0.0888,0.1541,0.8547
-0.0903,0.1531,0.8508
-0.0937,0.155,0.8484
-0.101,0.1516,0.843
-0.1044,0.155,0.8391
-0.1133,0.156,0.8298
-0.1089,0.1673,0.8147
-0.1074,0.1638,0.8122
-0.1044,0.1633,0.8049
-0.1044,0.1663,0.8029
-0.0952,0.1697,0.7985
-0.0903,0.1697,0.7912
-0.0795,0.1736,0.7839
-0.0644,0.178,0.7819
-0.0615,0.18,0.7863
-0.0585,0.1873,0.7868
-0.0551,0.1853,0.7868
-0.0541,0.1941,0.7922
-0.06,0.1946,0.8015
-0.0747,0.2019,0.8137
-0.08,0.2024,0.8176
-0.0834,0.2112,0.8244
-0.0903,0.2088,0.8249
-0.101,0.2176,0.8313
-0.103,0.219,0.8259
-0.1054,0.2234,0.8274
-0.1079,0.2342,0.821
-0.1128,0.2401,0.8186
-0.1128,0.2494,0.8171
-0.1089,0.2542,0.8181
-0.1065,0.2625,0.8156
-0.1,0.2689,0.8234
-0.101,0.2669,0.821
-0.0947,0.2708,0.821
-0.0888,0.2713,0.8234
-0.0737,0.2738,0.8293
-0.0703,0.2699,0.8318
-0.0639,0.2689,0.8352
-0.0629,0.2645,0.842
-0.0624,0.2547,0.8532
-0.0654,0.2513,0.8679
-0.0668,0.2498,0.8782
-0.0707,0.245,0.885
-0.0717,0.244,0.8933
-0.0786,0.2425,0.8963
-0.079,0.242,0.9026
-0.0854,0.2425,0.9051
-0.0869,0.244,0.9114
-0.101,0.2508,0.9124
-0.1054,0.2484,0.9168
-0.1118,0.2572,0.9168
-0.1148,0.2591,0.9202
-0.1148,0.2645,0.927
-0.1152,0.2679,0.929
-0.1089,0.2752,0.9344
-0.1069,0.2767,0.9339
-0.0942,0.2694,0.9305
-0.0888,0.2694,0.9295
-0.0864,0.2606,0.9305
-0.083,0.2645,0.9261
-0.0751,0.2581,0.929
-0.0722,0.2518,0.9295
-0.0664,0.2489,0.9319
-0.0639,0.2445,0.9353
-0.0605,0.2415,0.9446
-0.0595,0.2391,0.9456
-0.0595,0.2371,0.9534
-0.0605,0.2381,0.9529
-0.0644,0.2371,0.9598
-0.0693,0.2361,0.9612
-0.0815,0.2346,0.9602
-0.0874,0.2381,0.9554
-0.1089,0.244,0.9388
-0.1128,0.2489,0.9314
-0.1201,0.2625,0.9187
-0.1216,0.2625,0.9139
-0.1231,0.2767,0.9099
-0.1255,0.2791,0.9026
-0.127,0.2826,0.8929
-0.1309,0.2909,0.8802
-0.1275,0.2928,0.8737
-0.1245,0.2943,0.8689
-0.125,0.2962,0.8645
-0.1187,0.2977,0.8615
-0.1143,0.3006,0.8654
-0.0991,0.2957,0.8625
-0.0957,0.2914,0.8718
-0.0834,0.2845,0.8821
-0.0781,0.2791,0.8899
-0.0732,0.265,0.9041
-0.0751,0.264,0.9187
-0.0781,0.2645,0.9256
-0.0786,0.2713,0.93
-0.0815,0.2699,0.9334
-0.083,0.2733,0.9334
-0.0795,0.2757,0.9319
-0.0805,0.2787,0.9368
-0.08,0.2806,0.9368
-0.0776,0.2821,0.9344
-0.079,0.2826,0.9373
-0.0795,0.2855,0.9417
-0.079,0.284,0.948
-0.079,0.2835,0.9475
-0.0834,0.2835,0.9534
-0.0834,0.2826,0.9534
-0.0864,0.2684,0.9695
-0.0874,0.2611,0.9744
-0.0849,0.2562,0.9764
-0.0815,0.2547,0.9813
-0.0815,0.2518,0.9896
-0.0781,0.2454,0.9935
-0.0766,0.243,0.994
-0.0683,0.245,0.9984
-0.0649,0.2425,1.0018
-0.0585,0.2479,1.0033
-0.0546,0.2528,0.9969
-0.0546,0.2533,0.996
-0.0571,0.2557,0.993
-0.0561,0.2581,0.9891
-0.0537,0.2635,0.9862
-0.0571,0.266,0.9867
-0.06,0.2762,0.9813
-0.061,0.2806,0.9906
-0.0615,0.285,0.9857
-0.061,0.2889,0.9886
-0.059,0.2909,0.9955
-0.0581,0.3021,1.0111
-0.0566,0.3016,1.0184
-0.0581,0.2943,1.0365
-0.059,0.2855,1.0599
-0.062,0.2787,1.0682
-0.0571,0.264,1.0873
-0.0546,0.2562,1.0951
-0.0566,0.2459,1.1171
-0.0493,0.2351,1.122
-0.0488,0.2298,1.1313
-0.0385,0.2195,1.1362
-0.0327,0.2146,1.1391
-0.0273,0.2117,1.1401
-0.0204,0.2132,1.1415
-0.0185,0.2063,1.143
-0.0121,0.2088,1.1396
-0.0117,0.2088,1.1396
-0.0082,0.2078,1.1298
-0.0043,0.2122,1.1323
0.0026,0.2185,1.1303
0.004,0.2273,1.1298
0.0089,0.2346,1.1279
0.0114,0.2351,1.1318
0.0226,0.2494,1.1396
0.0226,0.2469,1.1357
0.0231,0.2552,1.1391
0.0211,0.2498,1.1459
0.0187,0.2523,1.1435
0.0167,0.2469,1.142
0.0079,0.2401,1.1523
0.0035,0.2366,1.1611
-0.0131,0.2283,1.1743
-0.0209,0.2215,1.186
-0.0395,0.2151,1.2046
-0.0546,0.2014,1.2236
-0.0781,0.1863,1.2593
-0.1094,0.1624,1.2949
-0.1128,0.1477,1.3067
-0.1187,0.1394,1.3106
-0.1216,0.134,1.3135
-0.1299,0.114,1.3082
-0.1294,0.0983,1.2994
-0.1196,0.0905,1.2959
-0.1079,0.0769,1.2808
-0.104,0.07,1.2681
-0.0888,0.0602,1.2456
-0.0712,0.0573,1.2207
-0.0517,0.0617,1.1968
-0.0414,0.0622,1.186
-0.0283,0.0676,1.1664
-0.0219,0.0715,1.1533
-0.0219,0.0734,1.144
-0.017,0.0788,1.1284
-0.0224,0.0793,1.1181
-0.02,0.0827,1.1064
-0.0244,0.0871,1.0848
-0.0302,0.0964,1.0594
-0.0371,0.1027,1.0379
-0.0371,0.1081,1.0248
-0.0395,0.1184,1.0111
-0.0439,0.1276,0.9891
-0.0449,0.1291,0.9862
-0.0488,0.1443,0.971
-0.0473,0.1497,0.9666
-0.0497,0.1521,0.9641
-0.0517,0.157,0.9641
-0.0546,0.1594,0.9588
-0.0566,0.1624,0.9656
-0.0561,0.1619,0.9705
-0.0585,0.1614,0.9749
-0.0571,0.156,0.9783
-0.0566,0.1546,0.9842
-0.059,0.1531,0.9896
-0.0561,0.1507,0.9896
-0.0532,0.1232,1.0052
-0.0512,0.1208,1.0013
-0.0488,0.114,0.9999
-0.0385,0.0988,0.9964
-0.0336,0.0905,0.9935
-0.0229,0.0842,0.9881
-0.0038,0.0759,0.9759
0.0001,0.0739,0.9725
0.0031,0.0729,0.9695
0.0118,0.07,0.9617
0.0226,0.07,0.9549
0.0328,0.0685,0.9475
0.0328,0.0705,0.9402
0.0314,0.0715,0.9363
0.0294,0.0798,0.9295
0.0177,0.0939,0.9358
0.0153,0.1003,0.9378
0.0128,0.1105,0.9363
0.0065,0.1179,0.9344
0.0035,0.1247,0.9305
0.007,0.1271,0.9231
0.0079,0.134,0.9114
0.0148,0.136,0.908
0.0162,0.1404,0.906
0.0177,0.1409,0.9031
0.0221,0.1414,0.9016
0.027,0.1409,0.8899
0.028,0.1428,0.8885
0.0367,0.1467,0.886
0.0377,0.1477,0.8797
0.0436,0.1467,0.8792
0.0431,0.1463,0.8787
0.0431,0.1492,0.8806
0.0407,0.1507,0.886
0.0411,0.1487,0.8841
0.0324,0.1472,0.8889
0.026,0.1467,0.8899
0.026,0.1497,0.8885
0.0177,0.1516,0.8831
0.0187,0.1516,0.885
0.0104,0.1609,0.8865
0.0109,0.1565,0.8831
0.007,0.1633,0.8797
0.004,0.1731,0.8767
0.0045,0.1814,0.8689
-0.0019,0.1868,0.8659
-0.0034,0.1946,0.861
-0.0043,0.2014,0.8581
-0.0073,0.2044,0.8576
-0.0048,0.2049,0.8542
-0.0082,0.2107,0.8493
-0.0053,0.2078,0.8523
-0.0014,0.2092,0.8464
0.0031,0.2102,0.841
0.0065,0.2092,0.8415
0.0084,0.2102,0.8401
0.0177,0.2063,0.8425
0.0187,0.2014,0.8366
0.0245,0.2009,0.8327
0.0236,0.199,0.8313
0.0265,0.1946,0.8269
0.0265,0.1956,0.8264
0.0275,0.1936,0.8161
0.0275,0.1892,0.8191
0.0221,0.1917,0.8191
0.0187,0.198,0.8171
0.0128,0.2005,0.8142
0.0109,0.2049,0.8181
0.0094,0.2073,0.82
-0.0019,0.2122,0.8147
-0.0126,0.2171,0.8122
-0.017,0.2234,0.8112
-0.0229,0.2283,0.8122
-0.0341,0.2342,0.8034
-0.0366,0.2391,0.8059
-0.041,0.2445,0.8073
-0.0473,0.2479,0.8108
-0.0458,0.2586,0.8117
-0.0454,0.2625,0.8215
-0.0522,0.2664,0.8298
-0.0483,0.2645,0.8327
-0.0478,0.2669,0.8357
-0.0395,0.2572,0.8449
-0.0385,0.2547,0.8493
-0.0327,0.2533,0.8488
-0.0292,0.245,0.8454
-0.0224,0.2406,0.8484
-0.0068,0.2342,0.8464
0.0016,0.2302,0.8435
0.0065,0.2312,0.8464
0.0167,0.2273,0.8449
0.0172,0.2273,0.8503
0.0206,0.2254,0.8557
0.0206,0.2283,0.8635
0.0201,0.2283,0.8713
0.0172,0.2293,0.8792
0.0182,0.2298,0.8875
0.0172,0.2298,0.906
0.0138,0.2361,0.9075
0.0109,0.2346,0.9217
0.0089,0.2381,0.9305
0.0084,0.2376,0.9348
0.0011,0.2332,0.9432
-0.0004,0.2332,0.9471
-0.0004,0.2346,0.949
-0.0019,0.2312,0.9539
-0.0043,0.2361,0.9607
-0.0058,0.2411,0.9637
-0.0063,0.2415,0.9715
-0.0078,0.242,0.9754
-0.0034,0.2425,0.9759
-0.0073,0.2445,0.9813
-0.0078,0.2454,0.9803
-0.0117,0.2469,0.9857
-0.0102,0.2464,0.9842
-0.0161,0.2445,0.9842
-0.0131,0.2454,0.9828
-0.0107,0.2454,0.9837
-0.0112,0.2454,0.9823
-0.0034,0.2503,0.9808
-0.0019,0.2528,0.9778
0.0001,0.2591,0.9818
0.0031,0.2581,0.9828
0.0074,0.263,0.9764
0.0109,0.2611,0.9759
0.0143,0.264,0.9725
0.0182,0.263,0.9695
0.0241,0.2635,0.9637
0.0275,0.264,0.9602
0.0343,0.2694,0.9529
0.0353,0.2718,0.9471
0.0426,0.2743,0.9412
0.0494,0.2767,0.9324
0.0499,0.2747,0.9256
0.0494,0.2782,0.9168
0.0475,0.2777,0.9148
0.0382,0.2757,0.9202
0.0358,0.2782,0.9134
0.0275,0.2791,0.9217
0.0255,0.2796,0.9236
0.0182,0.2801,0.9295
0.0148,0.2791,0.927
0.0104,0.2835,0.927
0.0045,0.2826,0.9324
0.0021,0.2845,0.93
0.0006,0.2811,0.9324
-0.0029,0.2865,0.93
-0.0019,0.2884,0.9324
-0.0048,0.283,0.9305
-0.0053,0.2874,0.9187
-0.0038,0.285,0.9182
0.0006,0.2865,0.9158
0.0031,0.2865,0.9124
0.0079,0.284,0.9036
0.0157,0.2816,0.8909
0.0177,0.2821,0.888
0.0192,0.2806,0.885
0.0167,0.2787,0.906
0.0201,0.2743,0.908
0.0148,0.2767,0.9153
0.0109,0.2747,0.9383
0.0074,0.2718,0.9558
0.0035,0.2679,0.9676
0.0016,0.265,0.9783
-0.0029,0.265,0.992
-0.0063,0.2601,1.0135
-0.018,0.2484,1.0707
-0.0234,0.2385,1.0956
-0.0288,0.2317,1.1284
-0.0317,0.2205,1.1347
-0.0341,0.2102,1.1489
-0.0419,0.198,1.1498
-0.0414,0.1956,1.1464
-0.0424,0.1951,1.1513
-0.0463,0.1922,1.1425
-0.0497,0.1907,1.1406
-0.0571,0.199,1.1313
-0.06,0.2078,1.124
-0.0615,0.2136,1.1186
-0.0629,0.218,1.1113
-0.0732,0.2229,1.103
-0.0707,0.2288,1.0858
-0.0771,0.2454,1.0765
-0.0781,0.2498,1.0712
-0.0761,0.266,1.0624
-0.0717,0.2752,1.056
-0.0673,0.287,1.0492
-0.0639,0.2972,1.0462
-0.061,0.3075,1.0477
-0.06,0.3133,1.0565
-0.0605,0.3133,1.0648
-0.0615,0.3114,1.0799
-0.0605,0.3075,1.0878
-0.0629,0.3001,1.0956
-0.0688,0.2777,1.1117
-0.0703,0.2664,1.122
-0.0703,0.2528,1.1381
-0.0751,0.2381,1.1484
-0.0815,0.2259,1.1586
-0.0874,0.2161,1.1684
-0.0961,0.1873,1.1909
-0.1079,0.1702,1.21
-0.1113,0.1511,1.2354
-0.1182,0.1467,1.2451
-0.1192,0.1311,1.2554
-0.1235,0.1203,1.2627
-0.126,0.1159,1.2666
-0.1314,0.1057,1.2534
-0.1289,0.0988,1.249
-0.1284,0.0998,1.2236
-0.1284,0.0983,1.2095
-0.1255,0.0998,1.1953
-0.1279,0.1027,1.183
-0.1275,0.1071,1.1694
-0.1314,0.1159,1.1508
-0.1318,0.1237,1.141
-0.1309,0.1286,1.1357
-0.1338,0.1433,1.1161
-0.1323,0.1463,1.1074
-0.1323,0.157,1.0937
-0.1343,0.1624,1.076
-0.1333,0.1668,1.0555
-0.1333,0.1712,1.0248
-0.1314,0.1731,1.0223
-0.1328,0.176,1.0023
-0.1333,0.1765,0.9847
-0.1318,0.177,0.9729
-0.1358,0.177,0.9695
-0.1294,0.1756,0.9583
-0.1304,0.179,0.9466
-0.1284,0.178,0.9339
-0.1265,0.1804,0.9344
-0.1201,0.1785,0.9383
-0.1265,0.177,0.9383
-0.1172,0.178,0.9402
-0.1201,0.1721,0.9495
-0.1226,0.1629,0.9558
-0.1279,0.1594,0.9573
-0.1265,0.1546,0.9568
-0.1309,0.1375,0.9593
-0.1333,0.1365,0.9554
-0.1299,0.1237,0.9534
-0.1221,0.1223,0.9485
-0.1231,0.1154,0.9549
-0.1172,0.1184,0.9456
-0.1157,0.1154,0.9461
-0.1099,0.1135,0.9348
-0.1049,0.1188,0.9378
-0.0976,0.1184,0.928
-0.0971,0.1218,0.9275
-0.0991,0.1232,0.9202
-0.0937,0.1228,0.9256
-0.0981,0.1188,0.9285
-0.0986,0.1237,0.9202
-0.0976,0.1213,0.9212
-0.1025,0.1203,0.9212
-0.1025,0.1247,0.9197
-0.102,0.1203,0.9158
-0.1069,0.1184,0.9168
-0.1104,0.1174,0.9178
-0.102,0.114,0.9182
-0.1065,0.1237,0.9329
-0.102,0.1218,0.9314
-0.0986,0.1247,0.9368
-0.101,0.1257,0.9344
-0.0957,0.1179,0.9197
-0.0927,0.1149,0.9192
-0.0908,0.1164,0.9148
-0.0849,0.1125,0.9031
-0.0795,0.1169,0.8929
-0.0781,0.1198,0.8875
-0.0742,0.1232,0.8806
-0.0639,0.1301,0.8698
-0.061,0.1394,0.8679
-0.06,0.1467,0.8689
-0.0576,0.1565,0.8615
-0.0571,0.1619,0.8596
-0.0561,0.1716,0.862
-0.06,0.178,0.8547
-0.061,0.1814,0.8567
-0.0659,0.1824,0.8552
-0.0742,0.1892,0.8571
-0.0815,0.1902,0.8537
-0.0917,0.1956,0.8479
-0.0937,0.1961,0.844
-0.0961,0.1926,0.8449
-0.1065,0.199,0.8381
-0.1054,0.198,0.8386
-0.101,0.2005,0.8435
-0.1015,0.1995,0.8484
-0.102,0.2039,0.8498
-0.1049,0.198,0.8547
-0.1074,0.2005,0.8703
-0.1065,0.1951,0.8664
-0.1059,0.1897,0.865
-0.1069,0.1873,0.8679
-0.1128,0.1868,0.864
-0.1049,0.1897,0.863
-0.1074,0.1878,0.8567
-0.101,0.1946,0.8508
-0.0991,0.1956,0.8459
-0.0942,0.2019,0.841
-0.0878,0.2092,0.8322
-0.0825,0.2127,0.8303
-0.083,0.2112,0.8259
-0.0786,0.2151,0.82
-0.0761,0.2161,0.8181
-0.0766,0.2244,0.8166
-0.0737,0.2283,0.8156
-0.0776,0.2312,0.8161
-0.0825,0.2327,0.8171
-0.0869,0.2337,0.8147
-0.0834,0.2351,0.8234
-0.0874,0.2342,0.8215
-0.0844,0.2371,0.8278
-0.0913,0.2322,0.8278
-0.0878,0.2307,0.8318
-0.0854,0.2327,0.844
-0.0869,0.2307,0.8532
-0.0864,0.2327,0.8552
-0.081,0.2259,0.8645
-0.0776,0.2254,0.8737
-0.0761,0.2278,0.8816
-0.0781,0.2244,0.8855
-0.0747,0.2293,0.8987
-0.0761,0.2283,0.9055
-0.0751,0.2263,0.9153
-0.0756,0.2239,0.928
-0.079,0.2254,0.9383
-0.0815,0.219,0.95
-0.0942,0.2088,0.9598
-0.102,0.2102,0.9676
-0.1138,0.2097,0.9749
-0.124,0.2088,0.9793
-0.1367,0.2141,0.9876
-0.146,0.2136,0.9901
-0.1504,0.2176,0.992
-0.1533,0.2171,0.9901
-0.1709,0.2298,0.9872
-0.1939,0.2376,0.9828
-0.1968,0.2425,0.9798
-0.2056,0.2557,0.972
-0.21,0.2596,0.972
-0.2114,0.2777,0.9666
-0.2119,0.2835,0.9646
-0.2051,0.3011,0.9568
-0.2022,0.305,0.9593
-0.1909,0.3133,0.9544
-0.1865,0.329,0.9461
-0.1773,0.3348,0.9334
-0.1611,0.3476,0.9168
-0.148,0.3559,0.8992
-0.125,0.3583,0.8821
-0.1177,0.3608,0.8787
-0.1138,0.3617,0.8703
-0.1059,0.3622,0.8679
-0.0986,0.3617,0.8645
-0.0913,0.3568,0.8571
-0.081,0.3505,0.8513
-0.0732,0.3382,0.8513
-0.0712,0.3324,0.8503
-0.0707,0.328,0.8493
-0.062,0.3153,0.8562
-0.0624,0.307,0.8552
-0.0585,0.3036,0.8571
-0.061,0.2972,0.8606
-0.0585,0.2953,0.8659
-0.0576,0.2948,0.8718
-0.0585,0.2835,0.8797
-0.0551,0.2767,0.888
-0.0551,0.2723,0.8972
-0.0556,0.263,0.9099
-0.0537,0.2528,0.9182
-0.0561,0.2513,0.9236
-0.0527,0.2454,0.9329
-0.0566,0.243,0.9339
-0.0561,0.2401,0.9334
-0.0556,0.2396,0.9344
-0.0561,0.2342,0.9363
-0.0576,0.2327,0.9378
-0.059,0.2317,0.9353
-0.0605,0.2327,0.9368
-0.0561,0.2342,0.9358
-0.062,0.2371,0.9388
-0.0668,0.2406,0.9441
-0.0678,0.2411,0.9432
-0.0703,0.2469,0.9412
-0.0737,0.2484,0.9373
-0.079,0.2523,0.9378
-0.0771,0.2552,0.9305
-0.0737,0.2562,0.9256
-0.0727,0.2606,0.927
-0.0776,0.2596,0.9197
-0.0707,0.2699,0.9192
-0.0693,0.2713,0.9168
-0.0634,0.2757,0.9265
-0.0624,0.2782,0.9329
-0.0668,0.2762,0.9451
-0.0673,0.2704,0.9622
-0.0693,0.266,0.9681
-0.0727,0.2586,0.9813
-0.0751,0.2425,0.9989
-0.0786,0.2351,1.0043
-0.0815,0.2171,1.0238
-0.0805,0.2092,1.035
-0.081,0.2034,1.0389
-0.08,0.1995,1.0536
-0.0761,0.1887,1.0629
-0.0707,0.1785,1.0809
-0.0659,0.1785,1.0981
-0.0566,0.1785,1.1098
-0.0537,0.18,1.1166
-0.0507,0.1834,1.1186
-0.0473,0.1926,1.1249
-0.0439,0.2049,1.1259
-0.0414,0.2083,1.1337
-0.0405,0.2283,1.1347
-0.04,0.2406,1.145
-0.0454,0.244,1.1484
-0.0493,0.2508,1.1513
-0.0502,0.2572,1.1542
-0.0571,0.2606,1.1616
-0.06,0.2606,1.162
-0.0605,0.2625,1.1591
-0.062,0.2606,1.1572
-0.0634,0.2601,1.1523
-0.0659,0.264,1.1464
-0.0673,0.2601,1.1503
-0.0668,0.2596,1.142
-0.0678,0.2591,1.143
-0.0707,0.2572,1.1357
-0.0707,0.2518,1.1323
-0.0703,0.2464,1.1342
-0.0722,0.2312,1.1327
-0.0732,0.2219,1.1362
-0.0742,0.2141,1.1342
-0.0737,0.2029,1.1337
-0.0732,0.1892,1.1342
-0.0712,0.18,1.1367
-0.0673,0.158,1.1396
-0.0703,0.1492,1.1459
-0.0698,0.1331,1.1596
-0.0727,0.1257,1.1708
-0.0717,0.1208,1.1772
-0.0766,0.1125,1.1821
-0.0844,0.113,1.1904
-0.0859,0.1149,1.1948
-0.0922,0.1159,1.1987
-0.0966,0.1218,1.2007
-0.1059,0.1325,1.2026
-0.1128,0.138,1.2026
-0.1162,0.1414,1.1982
-0.1206,0.1536,1.1899
-0.1182,0.1633,1.1752
-0.1167,0.1756,1.163
-0.1128,0.1785,1.1523
-0.0932,0.1907,1.1376
-0.0864,0.1941,1.1269
-0.0639,0.2049,1.1098
-0.0522,0.2029,1.0898
-0.0292,0.2058,1.0697
-0.0244,0.2009,1.0565
-0.0038,0.1995,1.0404
0.0055,0.199,1.0184
0.0128,0.2014,1.015
0.0221,0.1975,1.0023
0.0211,0.2024,0.995
0.0265,0.2053,0.9867
0.0304,0.2078,0.9788
0.0319,0.2117,0.9768
0.0294,0.2117,0.9754
0.0265,0.2117,0.9759
0.0245,0.218,0.9813
0.0123,0.2156,0.9901
0.0026,0.2171,0.9906
-0.0102,0.2132,0.9999
-0.0165,0.2088,1.0013
-0.0253,0.2044,1.0062
-0.0371,0.1931,1.0174
-0.0454,0.1843,1.0223
-0.0463,0.177,1.0301
-0.0566,0.1609,1.0414
-0.0615,0.156,1.0511
-0.0624,0.1467,1.0516
-0.0659,0.1399,1.0531
-0.0668,0.1355,1.0565
-0.0615,0.1306,1.056
-0.0624,0.1232,1.0526
-0.0561,0.1223,1.0433
-0.0541,0.1262,1.0438
-0.0444,0.1355,1.0253
-0.0371,0.158,1.0111
-0.0327,0.178,1.0091
-0.0366,0.1834,1.0043
-0.0405,0.1873,1.0062
-0.0429,0.1975,1.0023
-0.0458,0.2053,1.0047
-0.0468,0.2083,1.0008
-0.0458,0.2063,0.9989
-0.0478,0.2088,1.0062
-0.0468,0.2053,1.0052
-0.0473,0.2019,1.0072
-0.0424,0.1985,1.0072
-0.0385,0.1922,1.0062
-0.0331,0.1883,1.0106
-0.0229,0.1829,1.0062
-0.0063,0.1697,0.9964
0.0031,0.1692,0.9876
0.0148,0.1604,0.9744
0.028,0.1624,0.9544
0.0328,0.157,0.9485
0.0397,0.1565,0.9392
0.0392,0.156,0.9158
0.047,0.158,0.9114
0.0543,0.1604,0.8855
0.0411,0.1643,0.8625
0.0338,0.1702,0.8493
0.0265,0.1736,0.8444
0.0187,0.1814,0.8254
0.0055,0.1912,0.8122
-0.0024,0.199,0.8064
-0.0165,0.2078,0.7883
-0.0278,0.2215,0.7756
-0.0419,0.2327,0.758
-0.0434,0.2396,0.7487
-0.0419,0.2552,0.7311
-0.0419,0.2674,0.7213
-0.0371,0.2757,0.712
-0.0351,0.2806,0.6994
-0.0351,0.2816,0.7023
-0.0253,0.2826,0.6964
-0.0224,0.2733,0.6896
-0.0165,0.2694,0.6959
-0.0068,0.2572,0.692
0.0035,0.2381,0.6974
0.0167,0.2278,0.7028
0.025,0.2244,0.712
0.0289,0.2219,0.7111
0.0358,0.2102,0.7257
0.0363,0.2097,0.7301
0.0411,0.2078,0.7384
0.0402,0.2034,0.7477
0.0382,0.2024,0.7575
0.0363,0.2009,0.7599
0.0343,0.1985,0.7667
0.027,0.2,0.7858
0.0245,0.2024,0.799
0.0182,0.2049,0.8176
0.0167,0.2058,0.8244
0.0157,0.2019,0.8405
0.0065,0.2044,0.8562
-0.0038,0.2029,0.8659
-0.0068,0.2132,0.8737
-0.0082,0.2141,0.8743
-0.0029,0.2141,0.8767
0.0026,0.2176,0.8787
0.004,0.2219,0.8777
0.0079,0.2254,0.8733
0.0182,0.2351,0.8698
0.0197,0.2376,0.8615
0.026,0.2381,0.8606
0.0275,0.242,0.8576
0.028,0.244,0.8557
0.0372,0.2474,0.8474
0.0392,0.2464,0.844
0.0446,0.2552,0.8376
0.0421,0.2557,0.8327
0.0411,0.2591,0.8308
0.0392,0.2616,0.8303
0.0304,0.2674,0.8381
0.0304,0.2728,0.8454
0.0226,0.2787,0.863
0.0182,0.2801,0.865
0.0035,0.2923,0.8938
-0.0014,0.2948,0.906
-0.017,0.2992,0.9246
-0.0219,0.2997,0.9368
-0.0302,0.3006,0.9422
-0.0458,0.305,0.9505
-0.0541,0.3065,0.9622
-0.0556,0.3075,0.9637
-0.0581,0.3133,0.971
-0.0532,0.3187,0.9685
-0.0507,0.3202,0.9681
-0.0419,0.3246,0.9632
-0.0268,0.3329,0.9578
-0.0151,0.3363,0.9583
-0.0048,0.3431,0.9515
0.0084,0.3407,0.9534
0.0148,0.3436,0.9505
0.025,0.3431,0.95
0.0284,0.3402,0.95
0.0343,0.3382,0.95
0.0465,0.3392,0.9563
0.0509,0.3338,0.9612
0.0504,0.3319,0.9685
0.048,0.328,0.9734
0.0509,0.3197,0.9793
0.0407,0.308,0.9842
0.0402,0.3006,0.9901
0.0387,0.2948,0.9955
0.0328,0.2909,0.9989
0.0255,0.2791,1.0023
0.0123,0.2723,1.0057
0.0104,0.2699,1.0067
0.007,0.2684,0.9989
0.006,0.2684,0.9916
0.0011,0.2738,0.9685
0.0026,0.2777,0.9705
-0.0009,0.2889,0.9598
0.0011,0.304,0.9412
0.0089,0.3065,0.9392
0.0104,0.3109,0.9402
0.0123,0.3109,0.9378
0.0114,0.308,0.9397
0.0133,0.3021,0.9397
0.0099,0.3021,0.9373
0.0133,0.2899,0.9422
0.0118,0.287,0.9417
0.0157,0.2884,0.9456
0.0133,0.2806,0.9466
0.0094,0.283,0.9471
0.0123,0.2762,0.9563
0.0104,0.2772,0.9529
0.0123,0.2796,0.951
0.0099,0.2796,0.9573
0.0074,0.2801,0.9617
0.0065,0.2801,0.9651
0.0035,0.284,0.9749
-0.0019,0.2874,0.9798
-0.0068,0.2909,0.9911
-0.0209,0.2943,0.9994
-0.0375,0.3055,1.0003
-0.0371,0.3158,0.9955
-0.0385,0.3187,0.992
-0.0366,0.3329,0.9891
-0.0331,0.3338,0.9906
-0.0336,0.3471,0.9862
-0.0268,0.3481,0.9833
-0.0229,0.3481,0.9833
-0.0229,0.3461,0.9857
-0.0209,0.3421,0.9793
-0.019,0.3358,0.9754
-0.0126,0.3353,0.9778
-0.0141,0.3241,0.9739
-0.0146,0.3211,0.9749
-0.018,0.308,0.9862
-0.0214,0.304,0.993
-0.0302,0.2962,1.0008
-0.0434,0.283,1.0209
-0.0502,0.2738,1.035
-0.0659,0.263,1.0702
-0.0776,0.2547,1.0878
-0.0952,0.2489,1.1279
-0.1177,0.2454,1.1508
-0.1367,0.2332,1.184
-0.1641,0.2259,1.2061
-0.1724,0.2239,1.2105
-0.1812,0.219,1.2153
-0.1904,0.2122,1.2202
-0.1992,0.2019,1.2197
-0.2017,0.2049,1.2124
-0.1988,0.2088,1.2114
-0.1924,0.2088,1.2021
-0.1861,0.2132,1.2012
-0.1734,0.2156,1.1934
-0.1636,0.2195,1.1879
-0.1543,0.2146,1.1874
-0.146,0.2171,1.1874
-0.1362,0.2156,1.1894
-0.1314,0.2078,1.186
-0.1245,0.2053,1.1826
-0.1089,0.1961,1.183
-0.1025,0.1897,1.1796
-0.0805,0.1829,1.1782
-0.0742,0.177,1.1747
-0.0649,0.1702,1.166
-0.0615,0.1721,1.163
-0.0502,0.1682,1.1489
-0.0522,0.1692,1.143
-0.0546,0.1741,1.1357
-0.0585,0.18,1.1259
-0.0693,0.1858,1.1157
-0.0913,0.1863,1.1044
-0.1059,0.1926,1.0927
-0.1182,0.1931,1.0873
-0.1206,0.1941,1.079
-0.1377,0.2005,1.0682
-0.1436,0.2049,1.0467
-0.1499,0.2156,1.0321
-0.1504,0.2141,1.0253
-0.146,0.2249,1.0047
-0.1455,0.2322,0.9964
-0.1358,0.2411,0.9768
-0.125,0.2469,0.9646
-0.1162,0.2547,0.9397
-0.102,0.2611,0.9231
-0.0893,0.2699,0.9012
-0.0815,0.2669,0.8982
-0.0747,0.2684,0.888
-0.0668,0.2689,0.8826
-0.0624,0.263,0.8836
-0.0654,0.2498,0.8841
-0.0654,0.2411,0.886
-0.0688,0.219,0.8963
-0.0747,0.2044,0.9041
-0.0815,0.1853,0.9173
-0.0898,0.1697,0.9309
-0.101,0.1692,0.9466
-0.1054,0.157,0.9593
-0.1065,0.156,0.9656
-0.1074,0.1546,0.9651
-0.1035,0.1492,0.9656
-0.1118,0.1467,0.9598
-0.1089,0.1443,0.9612
-0.1113,0.1419,0.9539
-0.1152,0.1389,0.9505
-0.1201,0.1375,0.9358
-0.125,0.1433,0.9339
-0.1328,0.1467,0.9143
-0.1372,0.1458,0.9055
-0.1338,0.1531,0.9031
-0.1318,0.1697,0.8889
-0.1206,0.1795,0.8753
-0.1157,0.1897,0.8581
-0.1109,0.2019,0.8503
-0.1044,0.2058,0.8444
-0.0971,0.2141,0.8308
-0.0869,0.2161,0.8244
-0.0839,0.2239,0.8195
-0.0844,0.2254,0.8176
-0.0751,0.2293,0.8122
-0.0698,0.2317,0.8093
-0.0659,0.2283,0.8171
-0.0644,0.2268,0.8205
-0.0566,0.221,0.8308
-0.059,0.2185,0.8352
-0.0595,0.2171,0.8518
-0.0654,0.2107,0.8547
-0.0664,0.2073,0.864
-0.0732,0.2073,0.8659
-0.083,0.2068,0.8645
-0.0932,0.2058,0.865
-0.0966,0.2092,0.865
-0.1065,0.2141,0.864
-0.1157,0.2195,0.8606
-0.1221,0.2268,0.8567
-0.1318,0.2351,0.8513
-0.1318,0.2415,0.8537
-0.1387,0.2464,0.8479
-0.1445,0.2533,0.844
-0.1431,0.2557,0.8415
-0.1377,0.2621,0.8391
-0.1377,0.2616,0.8322
-0.1328,0.2694,0.8313
-0.1221,0.2669,0.8308
-0.1089,0.2723,0.8371
-0.1084,0.2699,0.8352
-0.0971,0.2635,0.8401
-0.0922,0.2611,0.8376
-0.081,0.2591,0.8347
-0.0756,0.2542,0.8322
-0.0683,0.2523,0.8308
-0.06,0.2528,0.8308
-0.0561,0.2503,0.8283
-0.0512,0.2494,0.8254
-0.0517,0.2494,0.8274
-0.0497,0.2572,0.8269
-0.0546,0.2601,0.8259
-0.0581,0.2645,0.8259
-0.0571,0.2694,0.8205
-0.0664,0.2777,0.8249
-0.0771,0.2914,0.8308
-0.08,0.2943,0.8352
-0.0869,0.3006,0.8357
-0.0908,0.3099,0.8415
-0.1089,0.3167,0.8527
-0.1162,0.3216,0.8557
-0.1221,0.3211,0.8596
-0.1299,0.3192,0.8674
-0.1328,0.3241,0.8733
-0.1372,0.3192,0.8767
-0.1333,0.3231,0.8806
-0.1304,0.3182,0.8841
-0.1275,0.3163,0.8821
-0.125,0.3138,0.8831
-0.1196,0.3128,0.8865
-0.1089,0.3094,0.8753
-0.1079,0.2967,0.8737
-0.1005,0.2992,0.8703
-0.0981,0.2977,0.8694
-0.0908,0.2938,0.8596
-0.079,0.2938,0.8591
-0.0766,0.2923,0.8586
-0.0693,0.2928,0.8523
-0.0668,0.2928,0.8532
-0.0571,0.2899,0.8503
-0.0532,0.287,0.8454
-0.0483,0.2845,0.8474
-0.0434,0.2874,0.8498
-0.0424,0.284,0.8523
-0.0414,0.285,0.8571
-0.038,0.2874,0.8674
-0.0356,0.2835,0.8762
-0.0341,0.283,0.8782
-0.0444,0.2835,0.8846
-0.0458,0.285,0.8885
-0.0507,0.284,0.8968
-0.0522,0.283,0.8948
-0.0556,0.2855,0.8977
-0.0551,0.2879,0.8982
-0.0561,0.2938,0.8924
-0.0576,0.3016,0.8958
-0.0566,0.305,0.8889
-0.0576,0.3089,0.888
-0.0585,0.3158,0.8821
-0.0585,0.3192,0.8855
-0.0576,0.3226,0.8758
-0.0585,0.3246,0.8758
-0.0585,0.325,0.8713
-0.0551,0.3265,0.8694
-0.0595,0.3265,0.8669
-0.0605,0.3246,0.865
-0.0585,0.327,0.864
-0.061,0.326,0.862
-0.0546,0.3231,0.8674
-0.0537,0.3231,0.8698
-0.0522,0.3241,0.8753
-0.0512,0.3255,0.8767
-0.0458,0.3197,0.8836
-0.0434,0.3211,0.887
-0.041,0.3197,0.8924
-0.0449,0.3202,0.8972
-0.0483,0.3148,0.908
-0.0561,0.3192,0.9192
-0.061,0.3172,0.928
-0.0707,0.3211,0.9432
-0.079,0.328,0.9549
-0.0908,0.3324,0.9612
-0.1035,0.3382,0.9641
-0.1123,0.3441,0.9651
-0.1148,0.3505,0.9681
-0.1187,0.3495,0.9622
-0.1118,0.3534,0.9598
-0.1148,0.3573,0.9568
-0.1143,0.3617,0.951
-0.1133,0.3608,0.951
-0.1084,0.3637,0.9451
-0.0996,0.3681,0.9422
-0.0922,0.371,0.9388
-0.0834,0.3691,0.9344
-0.0771,0.3695,0.9319
-0.0751,0.3686,0.9334
-0.0722,0.3681,0.9383
-0.0659,0.3637,0.95
-0.0668,0.3617,0.9573
-0.0654,0.3573,0.9759
-0.0683,0.3481,0.996
-0.0805,0.3441,1.0189
-0.0883,0.3368,1.0423
-0.0986,0.3348,1.0731
-0.104,0.325,1.0986
-0.103,0.3207,1.1117
-0.1035,0.3109,1.1308
-0.1089,0.306,1.1503
-0.1152,0.2948,1.1557
-0.1118,0.287,1.1655
-0.1152,0.2816,1.1674
-0.1152,0.2821,1.1738
-0.1089,0.2782,1.1738
-0.1049,0.2796,1.1796
-0.0986,0.2821,1.1821
-0.0878,0.2845,1.1816
-0.0854,0.2879,1.1826
-0.079,0.287,1.1743
-0.08,0.2865,1.1684
-0.0795,0.2904,1.1655
-0.0751,0.2909,1.1591
-0.0766,0.2928,1.1498
-0.0688,0.2977,1.142
-0.0683,0.3055,1.1396
-0.0693,0.304,1.1376
-0.0634,0.3104,1.1386
-0.0634,0.306,1.144
-0.0634,0.3026,1.1469
-0.0649,0.3011,1.1503
-0.0659,0.2987,1.1508
-0.0703,0.2835,1.1611
-0.0683,0.2801,1.1591
-0.0703,0.2669,1.1635
-0.0747,0.2591,1.1611
-0.0717,0.2513,1.1606
-0.0693,0.2396,1.1616
-0.0707,0.2312,1.1567
-0.0712,0.2254,1.1479
-0.0673,0.2195,1.1459
-0.0659,0.2117,1.1337
-0.06,0.2078,1.1323
-0.0576,0.2068,1.1269
-0.0556,0.2044,1.1235
-0.0537,0.1956,1.12
-0.0512,0.1951,1.1181
-0.0463,0.1956,1.124
-0.038,0.1902,1.1244
-0.0351,0.1863,1.1332
-0.0292,0.1795,1.1332
-0.0341,0.1741,1.1386
-0.0312,0.1638,1.1386
-0.0253,0.1643,1.1357
-0.0258,0.157,1.1347
-0.0263,0.1633,1.1303
-0.0244,0.1594,1.1313
-0.0219,0.156,1.1284
-0.017,0.1585,1.1259
-0.0151,0.1614,1.1215
-0.018,0.1682,1.1103
-0.0136,0.1658,1.102
-0.0043,0.177,1.0883
-0.0073,0.1746,1.0848
-0.0078,0.1804,1.0755
0.0031,0.1819,1.0585
0.005,0.1809,1.0433
0.005,0.1809,1.0331
0.004,0.1829,1.0282
0.0045,0.1814,1.0121
0.0011,0.177,0.9999
-0.0053,0.1775,0.9881
-0.0048,0.1804,0.9857
-0.0019,0.177,0.9847
-0.0087,0.1795,0.9773
-0.0102,0.1751,0.9744
-0.0131,0.178,0.9867
-0.017,0.1785,0.9862
-0.0219,0.1736,0.994
-0.0258,0.1707,0.9984
-0.0263,0.1653,0.9984
-0.0268,0.1565,0.9955
-0.0283,0.1575,0.995
-0.0224,0.1492,0.9916
-0.02,0.1511,0.9876
-0.0175,0.1497,0.9891
-0.0102,0.1477,0.9803
-0.0097,0.1467,0.9744
-0.0073,0.1433,0.9705
0.0016,0.1419,0.9637
0.0021,0.1428,0.9563
0.005,0.1399,0.9441
0.0055,0.1419,0.9432
0.0099,0.1458,0.9324
0.0104,0.1472,0.9305
0.0065,0.1482,0.9192
0.0045,0.1521,0.908
0.004,0.1585,0.8953
0.0026,0.1546,0.887
-0.0004,0.1692,0.8703
-0.0004,0.1707,0.8615
-0.0048,0.1721,0.8552
-0.0053,0.179,0.8459
-0.0019,0.1907,0.8259
-0.0092,0.197,0.8254
-0.0058,0.2024,0.8274
-0.0058,0.2088,0.8264
-0.0073,0.2156,0.8308
-0.0117,0.2244,0.8283
-0.0082,0.2312,0.8322
-0.0102,0.2332,0.8347
-0.0082,0.2312,0.8415
-0.0117,0.2322,0.8444
-0.0161,0.2298,0.8508
-0.0131,0.2283,0.8459
-0.0136,0.2278,0.8484
-0.0141,0.2302,0.8518
-0.0151,0.2283,0.8552
-0.0126,0.2312,0.8576
-0.019,0.2302,0.8562
-0.0185,0.2298,0.8547
-0.0219,0.2302,0.8557
-0.0268,0.2332,0.8479
-0.0302,0.2322,0.8469
-0.0302,0.2371,0.8371
-0.0336,0.2356,0.8391
-0.0331,0.2401,0.8322
-0.0405,0.242,0.8239
-0.039,0.2464,0.8249
-0.0424,0.2508,0.8195
-0.0414,0.2533,0.8215
-0.0454,0.2562,0.82
-0.0468,0.2581,0.8225
-0.0454,0.2625,0.8225
-0.0424,0.2669,0.8269
-0.0385,0.2645,0.8259
-0.0307,0.266,0.8215
-0.0244,0.2645,0.8225
-0.0204,0.263,0.823
-0.0185,0.2567,0.8288
-0.0102,0.2596,0.8313
0.0001,0.2533,0.8327
0.004,0.2484,0.8401
0.005,0.2454,0.8386
0.0026,0.2464,0.8327
0.0104,0.2435,0.8371
0.0153,0.2401,0.8322
0.0138,0.2401,0.8303
0.0133,0.2415,0.8191
0.0123,0.2464,0.8132
0.0104,0.2464,0.8108
0.0079,0.2528,0.8093
0.0099,0.2567,0.7976
0.0074,0.2606,0.7956
0.0074,0.2723,0.7907
0.0016,0.2835,0.7839
0.006,0.2909,0.779
0.0016,0.2992,0.7819
0.0031,0.3055,0.7775
0.0011,0.3148,0.7819
0.0035,0.3202,0.779
0.0006,0.3285,0.7824
0.0006,0.3309,0.7878
0.0026,0.3329,0.7941
-0.0004,0.3324,0.7917
0.0011,0.329,0.8025
-0.0009,0.3304,0.8068
-0.0053,0.327,0.8127
-0.0043,0.326,0.823
-0.0078,0.326,0.8332
-0.0141,0.3285,0.8454
-0.018,0.3207,0.8606
-0.0161,0.3192,0.8615
-0.0204,0.3177,0.8635
-0.018,0.3138,0.8689
-0.0185,0.3138,0.8713
-0.0151,0.3128,0.8737
-0.0117,0.3182,0.8723
-0.0063,0.3216,0.8679
0.0016,0.326,0.8625
0.0031,0.3275,0.8576
0.0089,0.3397,0.8449
0.0133,0.3451,0.8415
0.0192,0.3495,0.843
0.0275,0.3559,0.8459
0.0226,0.3564,0.8474
0.0275,0.3559,0.8488
0.0343,0.3578,0.8557
0.0358,0.3588,0.8567
0.0372,0.3578,0.8635
0.0358,0.3583,0.8694
0.0363,0.3593,0.8811
0.0343,0.3539,0.9051
0.0328,0.349,0.909
0.0338,0.3461,0.9275
0.0299,0.3431,0.9436
0.025,0.3377,0.9549
0.0309,0.3329,0.9602
0.0289,0.3319,0.9666
0.0289,0.3314,0.9671
0.0358,0.3363,0.9798
0.0372,0.3373,0.9833
0.0465,0.3431,0.9847
0.049,0.3485,0.9891
0.0577,0.35,0.9916
0.0602,0.3441,0.9916
0.0719,0.3451,1.0003
0.0719,0.3412,0.9994
0.0743,0.3348,1.0067
0.0812,0.3348,1.0121
0.087,0.3314,1.0228
0.0949,0.329,1.0306
0.0983,0.3221,1.0458
0.1036,0.3231,1.0536
0.1046,0.3226,1.0707
0.112,0.3163,1.0917
0.1154,0.3187,1.1025
0.1145,0.3123,1.1186
0.1154,0.3089,1.1279
0.1154,0.3084,1.1381
0.1096,0.3031,1.145
0.1105,0.3001,1.1528
0.0988,0.2914,1.1674
0.0743,0.2914,1.1757
0.0568,0.287,1.1855
0.0534,0.2865,1.1845
0.0407,0.285,1.1718
0.0411,0.283,1.1635
0.0387,0.285,1.162
0.0348,0.2845,1.1552
0.0343,0.2811,1.1464
0.0304,0.2835,1.1367
0.027,0.2874,1.1376
0.0309,0.2909,1.1298
0.0284,0.2904,1.121
0.0319,0.3001,1.1171
0.0299,0.3143,1.1117
0.027,0.3192,1.1064
0.027,0.328,1.0981
0.0172,0.3329,1.0927
0.0099,0.3461,1.0937
0.0021,0.3476,1.0917
-0.0141,0.3549,1.0976
-0.0405,0.3559,1.1113
-0.0615,0.3529,1.1191
-0.0727,0.3466,1.1264
-0.0996,0.3353,1.1445
-0.1245,0.3241,1.1645
-0.1499,0.3026,1.1811
-0.1602,0.2918,1.1899
-0.1699,0.2845,1.1997
-0.1895,0.2611,1.2163
-0.1924,0.2562,1.2222
-0.1929,0.243,1.2285
-0.1909,0.2327,1.2305
-0.1797,0.221,1.2231
-0.1738,0.2117,1.2266
-0.1499,0.1917,1.2007
-0.1353,0.1907,1.1934
-0.0952,0.1814,1.1723
-0.0859,0.1726,1.1606
-0.0678,0.1721,1.1464
-0.0468,0.1648,1.1098
-0.0283,0.1599,1.0956
0.0031,0.1609,1.0609
0.0304,0.1629,1.0419
0.0441,0.1633,1.0331
0.069,0.1643,1.015
0.0763,0.1624,1.0082
0.0836,0.1624,1.0033
0.0929,0.1614,0.9911
0.0949,0.1619,0.9847
0.088,0.1619,0.9798
0.087,0.1619,0.9798
0.0797,0.1575,0.9803
0.0719,0.1619,0.9793
0.0543,0.1629,0.9788
0.0392,0.1638,0.9818
0.027,0.1682,0.9842
0.0104,0.1741,0.9833
0.0006,0.1814,0.9852
-0.0092,0.1819,0.9862
-0.0234,0.1883,0.9783
-0.0312,0.1946,0.971
-0.0375,0.1956,0.9676
-0.0463,0.2009,0.9641
-0.0551,0.199,0.9563
-0.0537,0.198,0.951
-0.0566,0.1951,0.9451
-0.0556,0.1883,0.9383
-0.0629,0.1868,0.9246
-0.0629,0.1809,0.928
-0.0581,0.1756,0.9148
-0.0595,0.1775,0.9129
-0.059,0.1731,0.9168
-0.0576,0.1716,0.9129
-0.0532,0.1638,0.9114
-0.0502,0.1629,0.9055
-0.0493,0.1609,0.9036
-0.0444,0.1585,0.906
-0.0419,0.1599,0.8992
-0.0366,0.1536,0.8958
-0.0307,0.1502,0.8982
-0.0327,0.1511,0.8914
-0.0312,0.1477,0.8938
-0.0302,0.1443,0.8889
-0.0302,0.1477,0.8943
-0.0322,0.1521,0.8933
-0.0312,0.1507,0.8982
-0.0273,0.1531,0.8943
-0.0307,0.1585,0.8948
-0.0292,0.1585,0.8914
-0.0307,0.1604,0.8816
-0.0307,0.1687,0.8767
-0.0327,0.1712,0.8737
-0.0336,0.1721,0.8728
-0.0346,0.1726,0.8625
-0.0444,0.176,0.8484
-0.0458,0.18,0.8449
-0.0439,0.1839,0.8381
-0.0439,0.1887,0.8352
-0.0439,0.1887,0.822
-0.0444,0.197,0.8117
-0.0439,0.1961,0.8059
-0.0483,0.198,0.7976
-0.0493,0.2151,0.7834
-0.0444,0.2229,0.778
-0.0463,0.2293,0.7771
-0.0473,0.2268,0.7815
-0.0434,0.2283,0.779
-0.0439,0.2293,0.7795
-0.0395,0.2283,0.7795
-0.041,0.2234,0.7878
-0.0405,0.2249,0.7873
-0.0302,0.221,0.7927
-0.0297,0.2205,0.7932
-0.0322,0.2234,0.8
-0.0371,0.2273,0.8151
-0.0366,0.2268,0.8161
-0.0331,0.2263,0.823
-0.0444,0.2283,0.8322
-0.0488,0.2307,0.8405
-0.0512,0.2278,0.8435
-0.0527,0.2273,0.843
-0.0571,0.2356,0.8449
-0.0615,0.2411,0.8444
-0.0605,0.2406,0.8459
-0.0659,0.2445,0.8386
-0.0742,0.2537,0.8361
-0.0732,0.2542,0.8308
-0.0795,0.2655,0.8244
-0.082,0.2669,0.822
-0.0844,0.2801,0.8181
-0.08,0.2889,0.8225
-0.0761,0.2928,0.822
-0.0737,0.2948,0.821
-0.0683,0.2992,0.8327
-0.0707,0.2904,0.8293
-0.0688,0.2889,0.8366
-0.0595,0.2835,0.8396
-0.0585,0.2757,0.8366
-0.06,0.2689,0.8366
-0.0566,0.2625,0.842
-0.0532,0.2601,0.8401
-0.0512,0.2498,0.8474
-0.0429,0.245,0.8518
-0.0405,0.2435,0.8498
-0.041,0.2401,0.8513
-0.039,0.2406,0.8523
-0.0395,0.242,0.8527
-0.0449,0.243,0.8532
-0.0527,0.2484,0.8493
-0.0561,0.2528,0.8474
-0.0624,0.264,0.8474
-0.0742,0.2757,0.844
-0.0771,0.2801,0.8381
-0.0874,0.2879,0.8381
-0.0908,0.2972,0.8454
-0.0952,0.3026,0.8376
-0.0996,0.3094,0.8347
-0.102,0.3182,0.8352
-0.1049,0.3202,0.8391
-0.1059,0.3309,0.8361
-0.1054,0.3314,0.8415
-0.1035,0.3294,0.8474
-0.1044,0.3304,0.8493
-0.1,0.3294,0.8518
-0.0957,0.3294,0.8606
-0.0903,0.3192,0.8659
-0.0869,0.3177,0.8718
-0.079,0.3075,0.8826
-0.0786,0.3036,0.8855
-0.0771,0.3055,0.8958
-0.0737,0.3026,0.9012
-0.0707,0.2972,0.8982
-0.0732,0.2923,0.9007
-0.0688,0.2938,0.906
-0.0678,0.2967,0.9099
-0.0712,0.2977,0.9124
-0.0693,0.3016,0.9178
-0.0717,0.3055,0.9202
-0.0698,0.308,0.9158
-0.0673,0.307,0.9163
-0.0688,0.3128,0.9212
-0.0703,0.3172,0.9153
-0.0688,0.3226,0.9124
-0.0707,0.3202,0.9148
-0.0678,0.326,0.909
-0.0668,0.3255,0.9036
-0.061,0.3241,0.9007
-0.061,0.326,0.9031
-0.0546,0.3255,0.8992
-0.0556,0.3216,0.9051
-0.0541,0.3177,0.9055
-0.0551,0.3172,0.9114
-0.0571,0.3158,0.9178
-0.0541,0.3133,0.9236
-0.0512,0.307,0.9383
-0.0483,0.3089,0.9456
-0.0517,0.3089,0.9588
-0.0502,0.3104,0.9671
-0.0517,0.3128,0.9705
-0.0497,0.3153,0.9798
-0.0517,0.3177,0.9906
-0.0463,0.3167,0.9964
-0.0449,0.3148,0.9969
-0.0449,0.3123,0.994
-0.0478,0.3128,0.9847
-0.0463,0.3094,0.9833
-0.0478,0.3109,0.9798
-0.0512,0.3128,0.9695
-0.0483,0.3123,0.9661
-0.0507,0.3153,0.9471
-0.0458,0.3207,0.9422
-0.0463,0.3236,0.9427
-0.0458,0.3299,0.9368
-0.0473,0.3412,0.9436
-0.0522,0.3451,0.9461
-0.0605,0.3505,0.9475
-0.0634,0.3534,0.9558
-0.0737,0.3612,0.9578
-0.0727,0.3686,0.9734
-0.0756,0.3705,0.9734
-0.082,0.3705,0.9773
-0.0844,0.371,0.9852
-0.0849,0.3691,0.9852
-0.0903,0.3695,0.9876
-0.0908,0.3627,0.9935
-0.0893,0.3661,0.9935
-0.0859,0.3588,1.0047
-0.0781,0.3539,1.015
-0.0781,0.3495,1.0267
-0.0742,0.3481,1.0355
-0.0688,0.3324,1.0438
-0.0678,0.329,1.0521
-0.0639,0.3226,1.0589
-0.0615,0.3138,1.0692
-0.061,0.3158,1.0765
-0.0581,0.3036,1.0907
-0.0585,0.3021,1.101
-0.0581,0.2962,1.121
-0.0566,0.2914,1.1464
-0.0566,0.2889,1.1537
-0.0576,0.285,1.1767
-0.0561,0.2806,1.1923
-0.0532,0.2767,1.1953
-0.0561,0.2733,1.2046
-0.0581,0.2733,1.2148
-0.059,0.2713,1.2114
-0.061,0.2699,1.2105
-0.061,0.2708,1.2105
-0.0629,0.2713,1.208
-0.0659,0.2738,1.1929
-0.0639,0.2728,1.1904
-0.0683,0.2713,1.1786
-0.0688,0.2728,1.1708
-0.0634,0.2728,1.1591
-0.06,0.2723,1.1503
-0.0581,0.2713,1.1518
-0.0561,0.2757,1.1489
-0.0532,0.2694,1.1469
-0.0454,0.2669,1.1459
-0.0424,0.266,1.1401
-0.0258,0.2655,1.1352
-0.0126,0.2586,1.1293
-0.0043,0.2567,1.1284
0.0031,0.2562,1.1259
0.0084,0.2572,1.1235
0.0187,0.2518,1.124
0.0255,0.2445,1.1235
0.0236,0.2346,1.1259
0.0255,0.2215,1.1244
0.0226,0.2141,1.1264
0.0206,0.2039,1.1254
0.0197,0.1961,1.1205
0.0143,0.1853,1.1235
0.0089,0.179,1.1191
0.0153,0.1677,1.1259
0.0216,0.1511,1.1069
0.0241,0.1492,1.1015
0.027,0.1487,1.0927
0.0333,0.1511,1.0736
0.0343,0.1521,1.0653
0.0358,0.156,1.0594
0.0343,0.1629,1.0375
0.0367,0.1673,1.0243
0.0382,0.178,1.0072
0.0343,0.1873,0.9891
0.0309,0.1941,0.9783
0.0314,0.2009,0.9637
0.0309,0.2058,0.9563
0.0421,0.2122,0.9417
0.0407,0.2151,0.9456
0.0597,0.218,0.9358
0.0568,0.2185,0.9358
0.0631,0.2112,0.9407
0.0641,0.2058,0.9383
0.0563,0.1858,0.951
0.0538,0.178,0.9485
0.0514,0.1633,0.9612
0.046,0.1497,0.9646
0.0446,0.1428,0.9671
0.0416,0.1365,0.9676
0.0382,0.132,0.9666
0.0504,0.1276,0.9671
0.0617,0.1188,0.9685
0.067,0.1193,0.9749
0.0792,0.1188,0.9818
0.0748,0.1159,0.9798
0.0778,0.1174,0.9828
0.0792,0.1149,0.9852
0.0763,0.1115,0.992
0.0783,0.111,0.9891
0.0768,0.1145,0.996
0.0724,0.1125,0.9989
0.0743,0.1159,1.0023
0.0631,0.1213,1.0082
0.0573,0.1267,1.014
0.0538,0.135,1.0189
0.0455,0.1467,1.0218
0.0465,0.1487,1.0204
0.0397,0.1526,1.0174
0.0367,0.1599,1.016
0.0333,0.1619,1.0135
0.0226,0.1716,0.9974
0.0138,0.1751,0.9842
0.0094,0.179,0.9778
0.0001,0.1956,0.9529
-0.0048,0.199,0.9422
-0.0019,0.2053,0.9383
-0.0058,0.2141,0.9265
-0.0058,0.2283,0.9104
-0.0053,0.2342,0.9026
-0.0092,0.2401,0.8968
-0.0038,0.243,0.8948
-0.0053,0.2484,0.8894
-0.0063,0.2498,0.8816
-0.0063,0.2513,0.8889
-0.0024,0.2533,0.8836
0.0001,0.2494,0.8841
-0.0014,0.2464,0.8831
0.0011,0.2469,0.8797
0.0089,0.243,0.8792
0.0094,0.2351,0.8826
0.0094,0.2298,0.8841
0.0167,0.2259,0.8811
0.0162,0.2229,0.8772
0.0157,0.219,0.8762
0.0138,0.2195,0.8758
0.0162,0.218,0.8664
0.0157,0.2171,0.865
0.0153,0.22,0.8654
0.0148,0.2234,0.8708
0.0128,0.2268,0.8743
0.0148,0.2283,0.8758
0.0153,0.2273,0.8811
0.0104,0.2381,0.888
0.0045,0.2361,0.8982
0.0035,0.2366,0.9012
-0.0029,0.2356,0.9002
-0.0014,0.2356,0.9021
-0.0107,0.2385,0.9041
-0.0214,0.2401,0.9002
-0.0204,0.2401,0.8943
-0.0224,0.243,0.8914
-0.0248,0.2464,0.886
-0.0312,0.2537,0.8777
-0.0331,0.2552,0.8723
-0.0449,0.2591,0.8694
-0.041,0.2621,0.8571
-0.0478,0.2713,0.8484
-0.0414,0.2757,0.8484
-0.0444,0.2762,0.842
-0.038,0.2811,0.8347
-0.039,0.2821,0.8308
-0.0322,0.2884,0.8303
-0.0331,0.286,0.8274
-0.0317,0.2811,0.8244
-0.0087,0.2752,0.8195
-0.0053,0.2699,0.8186
-0.0004,0.265,0.8215
0.0031,0.2586,0.822
0.0114,0.2577,0.8156
0.0157,0.2542,0.8181
0.0221,0.2489,0.8186
0.0226,0.2435,0.8191
0.0241,0.245,0.8147
0.025,0.243,0.8127
0.0255,0.244,0.8044
0.0221,0.2411,0.801
0.0157,0.245,0.7917
0.0148,0.2464,0.7858
0.0143,0.2503,0.7854
0.0021,0.2606,0.7824
-0.0004,0.2669,0.7785
-0.0102,0.2796,0.7785
-0.0131,0.286,0.7795
-0.0214,0.2987,0.779
-0.0283,0.3006,0.7844
-0.0346,0.3187,0.7883
-0.0366,0.326,0.7932
-0.0366,0.3324,0.802
-0.0356,0.3333,0.8015
-0.0366,0.3314,0.8049
-0.0405,0.3353,0.8073
-0.0366,0.3348,0.8151
-0.0346,0.3319,0.823
-0.0288,0.3265,0.82
-0.02,0.3177,0.8239
-0.0131,0.3167,0.8225
-0.0053,0.3065,0.8191
-0.0009,0.3006,0.8156
0.0084,0.2909,0.8142
0.0236,0.2889,0.8112
0.0255,0.286,0.8073
0.0377,0.2899,0.8088
0.0416,0.285,0.8098
0.0475,0.2904,0.8166
0.048,0.2923,0.82
0.0543,0.2953,0.8318
0.0504,0.3036,0.8474
0.0446,0.3128,0.8654
0.0338,0.3123,0.8743
0.0328,0.3177,0.8811
0.0275,0.3207,0.887
0.0231,0.3211,0.8943
0.0138,0.3255,0.8992
0.0114,0.3275,0.9041
0.0114,0.329,0.9178
0.007,0.3392,0.9397
0.0055,0.3387,0.9554
0.0084,0.3402,0.9612
0.0114,0.3368,0.971
0.0138,0.3373,0.9808
0.0148,0.327,0.9857
0.0177,0.3216,0.9872
0.0157,0.3167,0.9906
0.0201,0.3104,0.9813
0.0206,0.3036,0.9778
0.025,0.3026,0.9734
0.0211,0.3001,0.9617
0.025,0.3021,0.9573
0.0284,0.306,0.9446
0.0348,0.3084,0.9378
0.0392,0.3133,0.927
0.0436,0.3202,0.9231
0.0475,0.3275,0.9197
0.045,0.3324,0.9173
0.0441,0.3329,0.9168
0.0455,0.3358,0.9158
0.0407,0.3382,0.9163
0.0431,0.3348,0.9178
0.0431,0.3392,0.9246
0.0441,0.3348,0.9295
0.0407,0.3329,0.9309
0.0475,0.3333,0.9348
0.0504,0.326,0.9524
0.0499,0.3226,0.9539
0.0568,0.3177,0.9588
0.047,0.3172,0.9641
0.048,0.3128,0.9661
0.0324,0.3163,0.9886
0.0304,0.3172,0.9984
0.0289,0.3241,1.0101
0.0265,0.3246,1.0091
0.0294,0.3246,1.0169
0.0319,0.3255,1.0126
0.0367,0.3226,1.0082
0.0382,0.3236,1.0082
0.0402,0.3226,1.0086
0.0455,0.327,1.0111
0.048,0.3275,1.0155
0.0534,0.3319,1.0199
0.0597,0.3348,1.0174
0.0621,0.3402,1.0135
0.07,0.3426,1.0145
0.0709,0.3441,1.0111
0.0729,0.3451,1.0003
0.0734,0.3461,0.9857
0.0719,0.3466,0.9778
0.0734,0.35,0.97
0.0602,0.3451,0.9519
0.0597,0.3476,0.9427
0.0524,0.352,0.9329
0.048,0.3534,0.9236
0.045,0.3578,0.9305
0.0319,0.3617,0.9353
0.0221,0.3608,0.9466
0.0148,0.3686,0.9578
0.0031,0.3642,0.9916
-0.0092,0.3564,1.0248
-0.0151,0.3446,1.0448
-0.0341,0.3202,1.0809
-0.0395,0.2972,1.1117
-0.0463,0.2782,1.1303
-0.0502,0.2552,1.1503
-0.0414,0.2366,1.145
-0.0312,0.2219,1.1362
-0.0263,0.2136,1.1293
-0.019,0.2102,1.1235
-0.0102,0.2044,1.1127
0.0011,0.2039,1.0795
0.0104,0.2005,1.056
0.0226,0.2034,1.0287
0.0255,0.2063,1.015
0.026,0.2078,1.0003
0.0299,0.2141,0.994
0.0304,0.2312,0.9729
0.0324,0.2479,0.9617
0.0304,0.2586,0.9529
0.0284,0.2645,0.9539
0.0245,0.2684,0.9534
0.0245,0.2757,0.9417
0.0197,0.2757,0.9436
0.0182,0.2767,0.9427
0.0172,0.2787,0.9495
0.0133,0.2835,0.9549
0.0104,0.284,0.9598
0.0114,0.2845,0.9671
0.0079,0.2772,0.9681
0.0104,0.2621,0.9734
0.0055,0.2474,0.9681
0.0089,0.2454,0.9681
0.007,0.2366,0.9612
0.0094,0.2327,0.9529
0.0031,0.2317,0.9544
0.007,0.2273,0.9471
0.006,0.2278,0.9446
0.004,0.2322,0.9388
0.0065,0.2293,0.9314
0.0143,0.2327,0.9217
0.0099,0.2356,0.9104
0.0104,0.2396,0.9051
0.0133,0.243,0.9031
0.0118,0.2469,0.888
0.0162,0.245,0.8924
0.0118,0.2459,0.8914
0.0133,0.2464,0.8885
0.0133,0.2474,0.8909
0.0099,0.2469,0.8904
0.0104,0.2401,0.8919
0.007,0.2376,0.8909
0.0089,0.2302,0.8885
0.0104,0.2259,0.8841
0.0118,0.2224,0.8899
0.0118,0.2205,0.888
0.0055,0.2136,0.8958
0.005,0.2136,0.9026
-0.0024,0.2112,0.9163
-0.0161,0.2097,0.9231
-0.0268,0.2039,0.9368
-0.0366,0.2063,0.9422
-0.0414,0.2073,0.95
-0.0556,0.2073,0.9578
-0.0566,0.2102,0.9661
-0.0576,0.2088,0.9641
-0.0585,0.2146,0.9739
-0.0585,0.218,0.9754
-0.0532,0.2195,0.9803
-0.0532,0.221,0.9783
-0.038,0.2219,0.9793
-0.0356,0.2215,0.9778
-0.0258,0.2185,0.9725
-0.0117,0.2136,0.9661
0.004,0.2078,0.9515
0.0045,0.2039,0.9466
0.0128,0.2049,0.9275
0.0182,0.2083,0.9148
0.0206,0.2102,0.907
0.0245,0.2161,0.9051
0.0226,0.219,0.9046
0.0216,0.2244,0.9016
0.0167,0.2327,0.8919
0.0123,0.2498,0.8909
0.0065,0.2611,0.8929
0.0035,0.2694,0.8938
-0.0078,0.286,0.8958
-0.0219,0.304,0.9021
-0.0331,0.308,0.9012
-0.0488,0.3187,0.9051
-0.0654,0.3226,0.8997
-0.0747,0.325,0.906
-0.0917,0.327,0.906
-0.1054,0.3319,0.9016
-0.1113,0.3324,0.8982
-0.1211,0.3353,0.8938
-0.1216,0.3407,0.886
-0.124,0.3426,0.8841
-0.1265,0.3505,0.8762
-0.1201,0.352,0.8733
-0.1109,0.3525,0.8718
-0.1,0.3564,0.8703
-0.0908,0.3598,0.8743
-0.0693,0.3588,0.8806
-0.0654,0.3529,0.8787
-0.0585,0.3466,0.8899
-0.0429,0.3329,0.8963
-0.0268,0.3119,0.9007
-0.0102,0.2894,0.9041
-0.0014,0.2826,0.9036
0.0016,0.2743,0.9085
0.0182,0.2581,0.9109
0.0348,0.2537,0.9187
0.0402,0.2484,0.9226
0.0475,0.2396,0.9285
0.0519,0.2371,0.93
0.0485,0.2278,0.9422
0.0519,0.2283,0.9471
0.0494,0.2259,0.9446
0.0377,0.2205,0.9539
0.0343,0.218,0.9529
0.027,0.2229,0.9524
0.0221,0.2283,0.948
0.0177,0.2332,0.95
0.0192,0.2346,0.9495
0.0172,0.2381,0.9422
0.0099,0.2528,0.9388
0.0016,0.2581,0.9329
0.0031,0.2674,0.9305
-0.0019,0.2689,0.9246
-0.0019,0.2704,0.9202
-0.0024,0.2782,0.9158
-0.0004,0.2762,0.9139
0.0021,0.2723,0.9129
0.0035,0.2733,0.907
0.0045,0.2757,0.9051
0.0074,0.2738,0.9046
0.0055,0.2728,0.9055
0.0118,0.2713,0.9031
0.0167,0.2669,0.9085
0.0123,0.264,0.9085
0.0138,0.2606,0.9099
0.0094,0.2572,0.909
0.0114,0.2528,0.9129
0.0065,0.2528,0.9192
0.0035,0.2552,0.9256
0.0021,0.2567,0.929
-0.0121,0.2645,0.9427
-0.0141,0.2694,0.9471
-0.0224,0.2738,0.9471
-0.0297,0.2772,0.9617
-0.0361,0.283,0.9627
-0.0444,0.2904,0.9764
-0.0454,0.2909,0.9813
-0.0468,0.2928,0.9823
-0.0449,0.2933,0.9867
-0.0473,0.2953,0.9872
-0.0405,0.2899,0.9808
-0.0346,0.2865,0.9808
-0.0351,0.2835,0.9783
-0.0307,0.2816,0.9729
-0.0244,0.2772,0.9715
-0.0195,0.2752,0.972
-0.0224,0.2723,0.9759
-0.0219,0.2679,0.9768
-0.0209,0.2689,0.9823
-0.0273,0.2669,0.992
-0.0366,0.2713,0.9989
-0.039,0.2767,0.9999
-0.0444,0.285,0.9984
-0.0502,0.2928,0.9911
-0.0537,0.2948,0.9906
-0.0561,0.2962,0.9906
-0.0561,0.3094,0.9808
-0.0551,0.3138,0.9773
-0.0576,0.325,0.9768
-0.0585,0.329,0.9715
-0.0605,0.329,0.9641
-0.0678,0.3304,0.9651
-0.0683,0.3299,0.9685
-0.0717,0.3329,0.9754
-0.0761,0.3333,0.9828
-0.0756,0.3304,0.9906
-0.0825,0.3241,1.0003
-0.0786,0.3226,1.0072
-0.079,0.3182,1.0145
-0.0786,0.3099,1.0096
-0.0771,0.3089,1.0126
-0.0717,0.306,1.0204
-0.0629,0.3036,1.0155
-0.0595,0.3031,1.015
-0.0493,0.3099,1.013
-0.039,0.3158,0.9969
-0.0346,0.3236,0.9945
-0.0234,0.3304,0.9818
-0.0107,0.3402,0.9568
-0.0063,0.3416,0.948
0.0016,0.3466,0.9397
0.006,0.3505,0.9344
0.0167,0.3461,0.9275
0.0172,0.3485,0.9187
0.0133,0.3505,0.9173
0.0123,0.3529,0.9148
-0.0004,0.3525,0.9256
-0.0068,0.3544,0.9402
-0.0136,0.3525,0.9475
-0.0351,0.351,0.9632
-0.0483,0.3534,0.9744
-0.0571,0.3529,0.9828
-0.0732,0.35,1.016
-0.0776,0.3485,1.0287
-0.0849,0.3412,1.0633
-0.0844,0.3294,1.0961
-0.0859,0.3089,1.1215
-0.0786,0.3036,1.1323
-0.0698,0.2835,1.1425
-0.0478,0.2625,1.1508
-0.0414,0.2537,1.1489
-0.0302,0.2489,1.1445
-0.0121,0.2361,1.1337
0.0084,0.2234,1.1215
0.0118,0.2146,1.1098
0.0314,0.2053,1.0829
0.0534,0.199,1.0594
0.0641,0.1966,1.0472
0.0807,0.1975,1.0204
0.087,0.198,1.0116
0.0978,0.1985,0.9852
0.1061,0.2058,0.9661
0.1051,0.2141,0.9568
0.1081,0.219,0.9466
0.1046,0.2239,0.9407
0.0953,0.2268,0.9363
0.0841,0.2415,0.9363
0.067,0.2498,0.9363
0.0558,0.2547,0.9451
0.0421,0.2577,0.949
0.0241,0.2635,0.9646
0.0074,0.2718,0.9803
0.0011,0.2679,0.9867
-0.0097,0.2713,0.9901
-0.0092,0.2669,0.994
-0.02,0.264,0.9911
-0.0175,0.263,0.9842
-0.0165,0.263,0.9798
-0.0092,0.2611,0.9661
-0.0029,0.264,0.949
0.0001,0.2655,0.9417
0.0006,0.2635,0.9344
0.0031,0.2723,0.9192
0.0133,0.2743,0.8948
0.0153,0.2738,0.8826
0.0284,0.2767,0.8532
0.0392,0.2806,0.8459
0.0402,0.2845,0.8327
0.0719,0.2928,0.8112
0.0817,0.2918,0.8054
0.087,0.2899,0.8049
0.1041,0.2933,0.7956
0.1056,0.2953,0.7937
0.1228,0.2953,0.7927
0.1345,0.2894,0.802
0.1364,0.2894,0.8103
0.1374,0.285,0.8176
0.1335,0.2738,0.8366
0.1335,0.2728,0.842
0.1296,0.2718,0.8513
0.1286,0.2699,0.862
0.1179,0.265,0.8846
0.1066,0.2655,0.9036
0.0919,0.2616,0.9226
0.0822,0.2616,0.9358
0.0743,0.2601,0.9392
0.0719,0.2601,0.948
0.0665,0.2635,0.9519
0.0602,0.2669,0.9593
0.0519,0.2664,0.9607
0.046,0.2733,0.9661
0.0499,0.2704,0.9627
0.0436,0.2679,0.9549
0.0441,0.2713,0.9466
0.0475,0.2699,0.9383
0.0519,0.2689,0.9314
0.0592,0.2679,0.9182
0.0587,0.263,0.9104
0.0651,0.2616,0.909
0.0651,0.2562,0.9002
0.068,0.2494,0.9085
0.0651,0.2533,0.907
0.0709,0.2503,0.9129
0.0719,0.2503,0.9226
0.0729,0.2508,0.9348
0.0743,0.2469,0.9485
0.0729,0.2489,0.9695
0.07,0.245,0.9768
0.0656,0.243,0.9833
0.0675,0.2415,0.9876
0.0714,0.2396,0.9925
0.0709,0.2317,0.9989
0.069,0.2288,1.0008
0.0709,0.2263,0.996
0.0719,0.2234,0.9911
0.0827,0.219,0.9867
0.0866,0.2127,0.9734
0.09,0.2151,0.9671
0.0953,0.2117,0.9456
0.0988,0.2136,0.9383
0.1012,0.2205,0.9305
0.1145,0.2234,0.9192
0.1184,0.2293,0.9129
0.1223,0.2376,0.9143
0.1213,0.244,0.9099
0.1198,0.2469,0.9016
0.1188,0.2542,0.906
0.112,0.2572,0.907
0.0993,0.2572,0.9143
0.0866,0.2567,0.9163
0.0827,0.2572,0.9241
0.0719,0.2606,0.9378
0.0597,0.2635,0.949
0.0568,0.2621,0.9598
0.0529,0.2645,0.9612
0.0504,0.2616,0.9729
0.049,0.2621,0.9739
0.0465,0.2606,0.9734
0.0475,0.2552,0.9749
0.0446,0.2547,0.9725
0.0446,0.2494,0.9676
0.0416,0.2494,0.9641
0.0465,0.2479,0.9602
0.049,0.245,0.9529
0.048,0.244,0.9436
0.0519,0.2425,0.9436
0.0514,0.2464,0.9344
0.0504,0.2454,0.9417
0.0563,0.2503,0.9378
0.0455,0.2494,0.9319
0.0382,0.2489,0.9334
0.0309,0.2528,0.9334
0.0231,0.2537,0.9329
0.0128,0.2586,0.9422
0.0089,0.2621,0.9388
0.0021,0.2669,0.9432
-0.0038,0.2811,0.9456
-0.0063,0.2821,0.9456
-0.0038,0.2884,0.9436
-0.0126,0.2992,0.9446
-0.0112,0.2997,0.9456
-0.02,0.3036,0.9436
-0.0209,0.306,0.9388
-0.0239,0.305,0.9402
-0.0263,0.3026,0.9373
-0.0288,0.3031,0.9353
-0.0302,0.3021,0.9417
-0.0361,0.3031,0.9456
-0.0302,0.305,0.9485
-0.0297,0.2997,0.9598
-0.0317,0.2992,0.9627
-0.0283,0.2918,0.9715
-0.0239,0.2874,0.9764
-0.0151,0.2835,0.9798
-0.0053,0.2684,0.9818
-0.0019,0.265,0.9778
0.0079,0.2611,0.9778
0.0143,0.2586,0.9749
0.0157,0.2533,0.9729
0.0304,0.2508,0.9602
0.0328,0.2518,0.9607
0.0397,0.2508,0.948
0.0397,0.2508,0.9427
0.049,0.2552,0.9412
0.0524,0.2611,0.9295
0.0538,0.2596,0.9275
0.0582,0.2757,0.9241
0.0568,0.2762,0.9182
0.0597,0.285,0.9139
0.0553,0.2914,0.9119
0.0548,0.3001,0.9104
0.0573,0.305,0.9109
0.0499,0.3123,0.9046
0.0416,0.3211,0.909
0.027,0.3275,0.909
0.0275,0.3319,0.9119
0.0157,0.3392,0.9129
0.0143,0.3416,0.9226
0.0074,0.3539,0.9265
0.004,0.3568,0.9397
0.005,0.3603,0.9461
-0.0019,0.3661,0.9505
-0.0048,0.372,0.9554
-0.0009,0.3793,0.97
0.0021,0.3822,0.9788
-0.0019,0.3822,0.9852
0.0011,0.3783,0.9872
0.0026,0.3686,0.9984
0.0143,0.3559,1.0018
0.0172,0.35,1.0077
0.0275,0.3441,1.0057
0.0289,0.3431,1.0086
0.0343,0.3343,1.0082
0.0392,0.3329,1.0096
0.0431,0.3294,1.0072
0.0421,0.3241,1.0077
0.0436,0.3265,1.0038
0.0441,0.3202,1.0072
0.0343,0.3231,1.0008
0.0343,0.3226,0.9989
0.0324,0.3231,0.9999
0.0304,0.3246,0.9984
0.0265,0.327,0.9979
0.0192,0.3265,0.9994
0.0167,0.328,0.9974
0.0055,0.3285,0.9964
0.0001,0.3324,1.0003
0.0006,0.3304,1.0013
-0.0082,0.3285,1.0028
-0.0156,0.3333,1.0077
-0.0117,0.3314,1.013
-0.0097,0.3309,1.0218
-0.0063,0.3304,1.0326
-0.0073,0.3275,1.0262
-0.0024,0.3231,1.0296
0.0021,0.3148,1.0326
0.0123,0.3123,1.0287
0.025,0.2992,1.0174
0.0299,0.2962,1.0091
0.0402,0.2923,0.9964
0.0367,0.2879,0.9925
0.045,0.286,0.9886
0.0421,0.2865,0.9891
0.0416,0.2826,0.9862
0.0431,0.2811,0.9867
0.0382,0.283,0.9808
0.0363,0.2801,0.9813
0.0294,0.285,0.9793
0.0333,0.286,0.9749
0.0348,0.2899,0.9778
0.0314,0.2933,0.9715
0.0328,0.3031,0.9681
0.0367,0.304,0.9651
0.0392,0.3099,0.9646
0.0407,0.3167,0.9568
0.0446,0.3153,0.9583
0.0494,0.3221,0.9554
0.045,0.326,0.9529
0.045,0.3246,0.9549
0.0504,0.3236,0.9568
0.0529,0.3207,0.9568
0.0504,0.3123,0.9607
0.0514,0.2982,0.9637
0.0563,0.2889,0.9685
0.0582,0.2772,0.9725
0.0563,0.2664,0.9773
0.0592,0.2586,0.9778
0.0617,0.2503,0.9754
0.0582,0.245,0.9847
0.0573,0.2371,0.9852
0.0568,0.2346,0.9876
0.0543,0.2278,0.9876
0.046,0.2322,0.9925
0.0382,0.2263,0.9906
0.0289,0.2263,0.9891
0.0309,0.2263,0.9901
0.0275,0.2268,0.9876
0.0187,0.2283,0.9783
0.0123,0.2322,0.9676
0.0089,0.2346,0.9554
0.0133,0.244,0.9383
0.0045,0.2469,0.9265
0.0026,0.2464,0.9217
0.0001,0.2494,0.9173
-0.0082,0.2508,0.9085
-0.0121,0.2528,0.9095
-0.0214,0.2562,0.907
-0.0307,0.2616,0.9051
-0.0351,0.2674,0.9026
-0.038,0.2684,0.9109
-0.0336,0.2718,0.9085
-0.0361,0.2733,0.9051
-0.0356,0.2723,0.8968
-0.0268,0.2738,0.887
-0.0317,0.2679,0.8826
-0.0288,0.264,0.8698
-0.0219,0.2601,0.8694
-0.0214,0.2572,0.861
-0.02,0.2537,0.8596
-0.0224,0.2406,0.8567
-0.0239,0.2371,0.8547
-0.0292,0.2244,0.8601
-0.041,0.2146,0.8698
-0.04,0.2112,0.8836
-0.0551,0.2088,0.9114
-0.0561,0.2044,0.9251
-0.0605,0.2,0.9539
-0.0654,0.1917,0.9778
-0.0683,0.1863,0.9881
-0.0722,0.1775,1.013
-0.0771,0.1751,1.0287
-0.0786,0.1756,1.0423
-0.079,0.1726,1.0502
-0.0742,0.1795,1.0672
-0.0668,0.1824,1.0775
-0.0644,0.1839,1.076
-0.0566,0.1858,1.076
-0.0541,0.1853,1.0726
-0.0488,0.1824,1.055
-0.0434,0.1751,1.0355
-0.0424,0.1716,1.0277
-0.0356,0.1697,1.0174
-0.0361,0.1697,0.9901
-0.0341,0.1751,0.9622
-0.0288,0.1878,0.9392
-0.0263,0.1892,0.9256
-0.0273,0.1951,0.9104
-0.0292,0.2151,0.8914
-0.0253,0.2205,0.8841
-0.0263,0.2254,0.8762
-0.0273,0.2283,0.8703
-0.0263,0.2385,0.864
-0.0273,0.2454,0.8581
-0.0288,0.2508,0.8527
-0.0341,0.2537,0.8469
-0.0371,0.2547,0.8537
-0.0327,0.2586,0.8552
-0.0351,0.2596,0.8542
-0.0351,0.2562,0.8674
-0.0346,0.2572,0.8694
-0.0375,0.2562,0.8933
-0.041,0.2537,0.9026
-0.0493,0.2508,0.9187
-0.0546,0.2528,0.927
-0.0585,0.2537,0.9324
-0.0615,0.2479,0.9378
-0.06,0.2518,0.9373
-0.0629,0.2547,0.9334
-0.0654,0.2577,0.9383
-0.0659,0.263,0.9314
-0.0644,0.2684,0.929
-0.0668,0.2713,0.929
-0.0659,0.2757,0.9285
-0.0654,0.2816,0.93
-0.0634,0.2796,0.9226
-0.0595,0.2821,0.9163
-0.0566,0.285,0.9109
-0.0576,0.2772,0.9065
-0.0566,0.2747,0.908
-0.0541,0.2718,0.9075
-0.0546,0.2674,0.9119
-0.0493,0.2674,0.9124
-0.0517,0.2664,0.9178
-0.0434,0.263,0.9197
-0.0424,0.263,0.9207
-0.0371,0.2689,0.9241
-0.0356,0.2674,0.927
-0.0341,0.2704,0.9309
-0.0297,0.2733,0.9383
-0.0307,0.2752,0.9422
-0.0366,0.2743,0.9471
-0.0327,0.2738,0.95
-0.0356,0.2733,0.95
-0.0454,0.2752,0.949
-0.0493,0.2782,0.9524
-0.059,0.2747,0.949
-0.06,0.2752,0.9485
-0.0698,0.283,0.9495
-0.0707,0.2855,0.9466
-0.0786,0.2894,0.9451
-0.0756,0.2997,0.9436
-0.0839,0.3055,0.9539
-0.0893,0.3089,0.9519
-0.0952,0.3158,0.9549
-0.0932,0.3177,0.9549
-0.0937,0.3187,0.9588
-0.0976,0.3192,0.9627
-0.0922,0.3192,0.9729
-0.08,0.3109,0.9715
-0.0742,0.3036,0.9681
-0.0668,0.2997,0.9646
-0.0649,0.2997,0.9607
-0.0605,0.2997,0.9588
-0.0502,0.2894,0.951
-0.041,0.2884,0.948
-0.0331,0.2899,0.9441
-0.0273,0.285,0.9422
-0.0204,0.2904,0.9383
-0.0224,0.2894,0.9348
-0.0151,0.2953,0.928
-0.0141,0.2957,0.9285
-0.0229,0.3011,0.9256
-0.0327,0.305,0.9207
-0.0361,0.3104,0.9261
-0.0507,0.3182,0.93
-0.0585,0.3241,0.9353
-0.0644,0.328,0.9358
-0.0678,0.3299,0.9373
-0.0737,0.3343,0.9461
-0.0761,0.3338,0.9446
-0.0913,0.3402,0.949
-0.0913,0.3412,0.9505
-0.1035,0.3441,0.9515
-0.1,0.3407,0.9539
-0.103,0.3392,0.9519
-0.0991,0.3416,0.9519
-0.0947,0.3265,0.9461
-0.0917,0.3275,0.9456
-0.079,0.3236,0.9378
-0.0732,0.3197,0.9324
-0.0673,0.3148,0.929
-0.0649,0.3104,0.9256
-0.0605,0.3099,0.9217
-0.0566,0.3075,0.9182
-0.0551,0.306,0.9173
-0.0522,0.306,0.9222
-0.0507,0.306,0.9256
-0.0473,0.3036,0.928
-0.0502,0.3075,0.9392
-0.0493,0.3094,0.9568
-0.0532,0.3045,0.9612
-0.0541,0.3031,0.97
-0.0585,0.3031,0.971
-0.0629,0.2914,0.9764
-0.0664,0.2928,0.9768
-0.0664,0.2894,0.9768
-0.0747,0.2918,0.9705
-0.0761,0.2977,0.9641
-0.0756,0.2982,0.9617
-0.0751,0.307,0.9441
-0.0742,0.3109,0.9412
-0.0683,0.3421,0.8938
-0.0747,0.3461,0.8841
-0.0688,0.3481,0.8743
-0.0683,0.3481,0.8659
-0.0698,0.3515,0.8615
-0.06,0.3515,0.8606
-0.059,0.3515,0.8557
-0.0556,0.3544,0.8571
-0.0522,0.3573,0.8615
-0.0512,0.3564,0.8581
-0.0527,0.3529,0.8571
-0.0502,0.3456,0.8601
-0.0478,0.3446,0.8669
-0.0507,0.3397,0.864
-0.0478,0.3324,0.8787
-0.0517,0.327,0.8846
-0.0532,0.3231,0.888
-0.0629,0.3148,0.9085
-0.0668,0.3089,0.9124
-0.0781,0.3084,0.9329
-0.0844,0.3065,0.9412
-0.0844,0.3055,0.9563
-0.0888,0.307,0.9593
-0.0947,0.3021,0.97
-0.0927,0.3006,0.9681
-0.0957,0.3001,0.9681
-0.0922,0.2923,0.9607
-0.0859,0.2938,0.9598
-0.083,0.2948,0.9529
-0.0771,0.2948,0.948
-0.0673,0.304,0.9368
-0.0654,0.2987,0.9363
-0.0595,0.3016,0.9368
-0.0561,0.3001,0.9226
-0.0522,0.306,0.9295
-0.0458,0.3094,0.9383
-0.0424,0.3031,0.9622
-0.0449,0.2987,0.972
-0.0424,0.2923,0.9964
-0.0395,0.2933,1.0091
-0.038,0.2909,1.0311
-0.0385,0.2879,1.0433
-0.0351,0.2777,1.0614
-0.0366,0.2787,1.0716
-0.0341,0.2738,1.0922
-0.0366,0.2718,1.0966
-0.0239,0.2694,1.1025
-0.0136,0.2733,1.1142
-0.0102,0.2664,1.1181
0.0026,0.2743,1.1152
0.005,0.2743,1.1235
0.0065,0.2777,1.1279
0.007,0.2738,1.142
0.0104,0.2762,1.1503
0.0187,0.2801,1.166
0.025,0.2787,1.1869
0.0255,0.2791,1.1982
0.028,0.2708,1.2119
0.0289,0.265,1.2212
0.0382,0.2498,1.231
0.0455,0.2356,1.2358
0.0499,0.2283,1.2378
0.0543,0.2259,1.2437
0.0573,0.2239,1.251
0.0524,0.2205,1.2559
0.0494,0.218,1.2617
0.0387,0.2166,1.271
0.027,0.2176,1.2813
0.0177,0.219,1.294
0.0114,0.2171,1.3018
0.0031,0.2141,1.3013
-0.0078,0.2156,1.3082
-0.0209,0.2117,1.3306
-0.0248,0.2146,1.3331
-0.0322,0.2146,1.3336
-0.0327,0.2097,1.3355
-0.0395,0.2053,1.335
-0.041,0.1931,1.3233
-0.0341,0.1731,1.3043
-0.02,0.1619,1.2778
-0.0126,0.1467,1.2617
0.004,0.1301,1.2227
0.0162,0.1223,1.2056
0.0299,0.1062,1.1679
0.0387,0.1013,1.1533
0.0524,0.0925,1.1244
0.0602,0.0881,1.0971
0.0607,0.0866,1.0707
0.0646,0.0891,1.0682
0.0577,0.0954,1.0682
0.0519,0.1018,1.0736
0.049,0.1086,1.0765
0.046,0.1135,1.0873
0.0353,0.1242,1.0991
0.0343,0.1291,1.0991
0.0294,0.1384,1.0932
0.0226,0.1423,1.0907
0.0206,0.1463,1.0829
0.0187,0.1546,1.0604
0.0157,0.1638,1.0448
0.0172,0.1668,1.0365
0.0182,0.1716,1.014
0.0157,0.1804,1.0008
0.0201,0.1814,0.9783
0.0206,0.1843,0.969
0.0221,0.1848,0.9632
0.025,0.1848,0.9441
0.0226,0.1883,0.9397
0.0197,0.1863,0.9314
0.0197,0.1863,0.9173
0.0153,0.1887,0.9182
0.0157,0.1848,0.9153
0.0187,0.1819,0.907
0.0167,0.1834,0.9109
0.0118,0.1726,0.9109
0.0143,0.1756,0.9065
0.0162,0.1682,0.9114
0.0236,0.159,0.9163
0.0304,0.1604,0.9187
0.0299,0.1516,0.9182
0.0397,0.1467,0.9192
0.0421,0.1414,0.9212
0.047,0.1409,0.9241
0.0626,0.1331,0.9231
0.0758,0.1252,0.9212
0.0787,0.1174,0.9182
0.0949,0.112,0.9178
0.1032,0.1071,0.9148
0.1101,0.1003,0.9075
0.1154,0.1042,0.9055
0.1159,0.1022,0.9046
0.1036,0.1037,0.9012
0.1007,0.1066,0.9036
0.0993,0.1164,0.908
0.0924,0.1213,0.9095
0.0802,0.1267,0.9012
0.0743,0.1419,0.9016
0.0709,0.1477,0.8977
0.0704,0.1536,0.8914
0.0743,0.1687,0.8899
0.0836,0.1785,0.886
0.0885,0.1839,0.8841
0.0914,0.1873,0.8669
0.0973,0.1848,0.862
0.1007,0.1878,0.8591
0.1066,0.1902,0.8552
0.1096,0.1853,0.8532
0.1096,0.1873,0.8567
0.1056,0.1878,0.864
0.1032,0.1902,0.8694
0.0997,0.1907,0.8787
0.089,0.1917,0.8787
0.0797,0.1966,0.887
0.0802,0.2014,0.8904
0.0783,0.2029,0.8914
0.0685,0.1985,0.8992
0.0685,0.198,0.8958
0.0636,0.2029,0.8948
0.0587,0.2019,0.8943
0.0548,0.2019,0.8929
0.0509,0.2034,0.8894
0.0441,0.2068,0.8782
0.0465,0.2132,0.8694
0.049,0.2151,0.8591
0.0485,0.2224,0.8567
0.0426,0.2224,0.8459
0.046,0.2283,0.841
0.0475,0.2332,0.8352
0.045,0.2381,0.8278
0.0499,0.2381,0.8254
0.0548,0.2381,0.8293
0.0543,0.2396,0.8366
0.0563,0.2381,0.842
0.0524,0.2391,0.8508
0.0582,0.2366,0.8596
0.0597,0.2371,0.8635
0.0563,0.2288,0.8703
0.0455,0.2312,0.8728
0.0519,0.2288,0.8777
0.049,0.2293,0.8772
0.046,0.2288,0.8787
0.0441,0.2278,0.8698
0.0392,0.2263,0.8684
0.0431,0.2278,0.8689
0.0407,0.2254,0.8669
0.0392,0.2259,0.8679
0.0377,0.2244,0.8664
0.0309,0.2293,0.8591
0.0319,0.2239,0.8571
0.027,0.2263,0.8547
0.0236,0.2293,0.8518
0.0211,0.2307,0.8532
0.0167,0.2361,0.8552
0.0079,0.2415,0.8547
0.0055,0.244,0.861
0.004,0.2518,0.863
-0.0014,0.2547,0.8664
-0.0034,0.2606,0.8855
-0.0053,0.2616,0.8948
-0.0068,0.2616,0.8953
0.0001,0.266,0.9114
0.0021,0.266,0.9148
0.0123,0.2635,0.9197
0.0236,0.2577,0.9261
0.0304,0.2572,0.9275
0.0353,0.2523,0.9246
0.0582,0.244,0.9261
0.0665,0.2406,0.9153
0.0758,0.2302,0.9104
0.0773,0.2293,0.9051
0.0812,0.2263,0.9041
0.0905,0.2283,0.8953
0.0924,0.2327,0.885
0.0949,0.2327,0.8821
0.0919,0.2376,0.8762
0.0875,0.2415,0.8762
0.0714,0.2547,0.8758
0.0524,0.2611,0.8767
0.0441,0.2743,0.8782
0.0236,0.285,0.888
0.0192,0.2948,0.8997
0.007,0.3016,0.9041
-0.0043,0.3143,0.9285
-0.0161,0.3221,0.9529
-0.0165,0.3207,0.9588
-0.0146,0.3153,0.9681
-0.0087,0.3031,0.9666
-0.0004,0.2977,0.9656
0.0026,0.2928,0.9607
0.0079,0.2884,0.9544
0.0123,0.2826,0.9539
0.026,0.2787,0.9427
0.0314,0.2787,0.9373
0.0421,0.2747,0.9314
0.045,0.2733,0.927
0.049,0.2777,0.9212
0.0592,0.2777,0.9104
0.0597,0.2757,0.9041
0.0641,0.2738,0.8948
0.0685,0.2762,0.8821
0.0739,0.2787,0.8797
0.0729,0.2811,0.8797
0.0743,0.2899,0.8737
0.0724,0.2914,0.8723
0.0729,0.2938,0.8737
0.069,0.2953,0.8841
0.0656,0.3026,0.887
0.0587,0.3006,0.8987
0.0538,0.304,0.909
0.0514,0.3001,0.9309
0.0465,0.3016,0.9407
0.0421,0.2997,0.9568
0.028,0.2874,0.97
0.028,0.2845,0.971
0.0304,0.2821,0.969
0.0299,0.2752,0.9666
0.0304,0.2772,0.9632
0.0299,0.2777,0.9593
0.0319,0.2816,0.9549
0.0319,0.285,0.9456
0.0314,0.2826,0.9422
0.0338,0.2904,0.9285
0.0333,0.3026,0.927
0.0353,0.3045,0.9168
0.0407,0.307,0.9134
0.047,0.3114,0.9124
0.0504,0.3114,0.908
0.0656,0.3075,0.9095
0.069,0.3128,0.9134
0.0734,0.3163,0.9256
0.0753,0.3138,0.9471
0.0778,0.3153,0.9573
0.067,0.3143,0.9867
0.0631,0.3109,0.9964
0.0607,0.3065,1.0062
0.048,0.3123,1.0287
0.0411,0.3221,1.0453
0.0245,0.3368,1.0619
0.0231,0.3441,1.0716
0.0153,0.3436,1.0741
0.0031,0.35,1.0819
0.0011,0.3534,1.0829
-0.0112,0.3554,1.0971
-0.0161,0.352,1.1069
-0.0244,0.3529,1.1103
-0.0268,0.352,1.1186
-0.0361,0.3402,1.142
-0.0361,0.3338,1.1474
-0.0429,0.329,1.1557
-0.0507,0.326,1.1655
-0.0444,0.3094,1.1767
-0.04,0.2918,1.1874
-0.0341,0.2723,1.1982
-0.0224,0.2547,1.2017
-0.0141,0.2464,1.2046
0.0006,0.2302,1.2129
0.0133,0.2127,1.2354
0.0187,0.2029,1.2432
0.0236,0.1961,1.2466
0.0284,0.1902,1.2593
0.026,0.1726,1.2598
0.0265,0.1692,1.2578
0.0304,0.1682,1.2578
0.0294,0.1614,1.2476
0.0338,0.159,1.2324
0.0299,0.1536,1.2163
0.0236,0.1546,1.209
0.0226,0.1575,1.1934
0.0138,0.1609,1.1718
0.0099,0.1633,1.1625
0.0045,0.1658,1.1498
-0.0078,0.1687,1.1415
-0.0219,0.177,1.1308
-0.0248,0.1839,1.1332
-0.0454,0.1897,1.1259
-0.0532,0.1922,1.1303
-0.0639,0.197,1.1342
-0.0776,0.199,1.1381
-0.0825,0.2,1.1396
-0.0859,0.2005,1.1401
-0.0878,0.2083,1.145
-0.0942,0.2053,1.1435
-0.0922,0.1995,1.1415
-0.0888,0.1941,1.1401
-0.08,0.1892,1.122
-0.0756,0.1765,1.101
-0.0688,0.1716,1.0868
-0.0673,0.1643,1.0824
-0.0615,0.1585,1.0629
-0.0488,0.1555,1.0404
-0.0454,0.1482,1.0316
-0.0385,0.1541,1.0238
-0.0278,0.1453,1.0077
-0.0253,0.1453,0.9989
-0.0239,0.1414,0.9935
-0.0224,0.1487,0.9886
-0.02,0.1448,0.9739
-0.0209,0.1497,0.9656
-0.0204,0.1511,0.9544
-0.0258,0.157,0.9427
-0.0322,0.1575,0.9368
-0.0478,0.1687,0.929
-0.0571,0.1775,0.9173
-0.0615,0.1829,0.9158
-0.0732,0.1936,0.9143
-0.0805,0.1966,0.906
-0.0981,0.2078,0.9109
-0.1133,0.2161,0.9036
-0.1221,0.2171,0.9002
-0.1275,0.2229,0.9012
-0.1402,0.2259,0.9051
-0.1377,0.2288,0.9021
-0.1426,0.2332,0.9055
-0.145,0.2317,0.9055
-0.1353,0.2273,0.9099
-0.1294,0.2215,0.9104
-0.1231,0.22,0.9109
-0.1167,0.2156,0.9119
-0.1049,0.2029,0.9036
-0.0859,0.1912,0.8963
-0.0781,0.179,0.8943
-0.0659,0.1751,0.8919
-0.0576,0.1702,0.8811
-0.0497,0.1658,0.8792
-0.0444,0.1614,0.8743
-0.0297,0.1658,0.8669
-0.0239,0.1673,0.862
-0.0131,0.1677,0.8547
-0.0082,0.1687,0.8542
-0.0048,0.1707,0.841
-0.0136,0.1746,0.8357
-0.0209,0.1819,0.8327
-0.0297,0.1902,0.8288
-0.038,0.1912,0.8318
-0.0581,0.2005,0.8376
-0.0664,0.2039,0.8381
-0.08,0.2039,0.8386
-0.0874,0.2088,0.8376
-0.0937,0.2102,0.8298
-0.0991,0.2112,0.8259
-0.1025,0.2156,0.8225
-0.1059,0.2156,0.821
-0.1079,0.218,0.8215
-0.1025,0.2176,0.8122
-0.1015,0.2205,0.8166
-0.0981,0.221,0.8176
-0.0893,0.2171,0.8103
-0.0844,0.2195,0.8088
-0.0761,0.2195,0.8122
-0.0732,0.2156,0.8093
-0.0712,0.2132,0.8127
-0.0707,0.2171,0.8171
-0.0659,0.2141,0.8195
-0.0615,0.2161,0.82
-0.0634,0.2166,0.8254
-0.0595,0.2171,0.8357
-0.0517,0.2205,0.8376
-0.0527,0.2229,0.8366
-0.0424,0.2229,0.8376
-0.04,0.2254,0.8318
-0.0292,0.2322,0.8318
-0.0278,0.2307,0.8342
-0.0244,0.2351,0.8332
-0.0185,0.2411,0.8547
-0.0273,0.2351,0.8601
-0.0273,0.2327,0.8664
-0.0336,0.2322,0.8802
-0.0351,0.2293,0.886
-0.039,0.2298,0.8899
-0.0385,0.2224,0.8997
-0.0414,0.2215,0.9036
-0.0444,0.2254,0.9095
-0.0463,0.2215,0.9202
-0.04,0.2239,0.9182
-0.0366,0.2229,0.9212
-0.0366,0.2249,0.9222
-0.0322,0.2293,0.9182
-0.0297,0.2302,0.9124
-0.0248,0.2302,0.9031
-0.0195,0.2293,0.8958
-0.0151,0.2278,0.8802
-0.0126,0.2302,0.8772
-0.0068,0.2273,0.8674
-0.0068,0.2293,0.8669
-0.0058,0.2288,0.8567
-0.0009,0.2288,0.8547
0.0021,0.2273,0.8557
0.0079,0.2307,0.8527
0.0074,0.2273,0.8508
0.0114,0.2273,0.8513
0.0197,0.2263,0.8518
0.0255,0.22,0.8601
0.027,0.2166,0.864
0.0241,0.2176,0.8698
0.0241,0.2195,0.8762
0.0206,0.2219,0.8816
0.0143,0.2215,0.8865
0.0157,0.2219,0.8909
0.0045,0.2288,0.8953
-0.0038,0.2278,0.8963
-0.0102,0.2283,0.8953
-0.0175,0.2322,0.8933
-0.0214,0.2346,0.8924
-0.0322,0.2425,0.8929
-0.0327,0.2479,0.887
-0.0371,0.2513,0.8875
-0.0366,0.2537,0.8885
-0.04,0.2616,0.8865
-0.0419,0.2596,0.8865
-0.0458,0.2645,0.8894
-0.0429,0.2635,0.8929
-0.0414,0.2591,0.8968
-0.0405,0.2596,0.9041
-0.0371,0.2528,0.9104
-0.0336,0.2523,0.9173
-0.0244,0.245,0.9212
-0.0165,0.2445,0.9319
-0.0126,0.2454,0.9329
-0.0073,0.2371,0.9348
-0.0053,0.2337,0.9383
0.0006,0.2415,0.9324
0.005,0.242,0.9285
0.0079,0.243,0.9358
0.0114,0.2401,0.9314
0.0089,0.2415,0.9295
0.004,0.2459,0.9309
0.0035,0.2503,0.9314
-0.0029,0.2537,0.93
-0.0112,0.2572,0.9275
-0.0244,0.263,0.9344
-0.038,0.2655,0.928
-0.0468,0.2738,0.9324
-0.0507,0.2782,0.9334
-0.0551,0.2811,0.9378
-0.0566,0.286,0.9392
-0.061,0.2904,0.9446
-0.0668,0.2904,0.9598
-0.0634,0.2909,0.9612
-0.0683,0.2938,0.9612
-0.0644,0.2874,0.9583
-0.061,0.2855,0.9529
-0.0541,0.2826,0.9441
-0.0512,0.285,0.9383
-0.038,0.2835,0.9261
-0.0214,0.2811,0.9153
-0.0156,0.2816,0.9153
-0.0092,0.2787,0.9114
0.0031,0.2767,0.9026
0.0123,0.2767,0.9021
0.0133,0.2728,0.8958
0.0162,0.2743,0.8968
0.0143,0.2752,0.9021
0.0138,0.2699,0.9046
0.0079,0.2704,0.9114
0.0035,0.2733,0.9246
-0.0121,0.2821,0.9446
-0.0424,0.2899,0.9612
-0.0532,0.2962,0.9705
-0.0654,0.306,0.9739
-0.0703,0.3114,0.9773
-0.0776,0.3246,0.9788
-0.0781,0.329,0.9783
-0.081,0.3353,0.9828
-0.0751,0.3387,0.9813
-0.0712,0.3373,0.9764
-0.0624,0.3353,0.9734
-0.0605,0.3338,0.9715
-0.0546,0.3358,0.9681
-0.0444,0.325,0.9671
-0.039,0.3226,0.9661
-0.0312,0.3197,0.971
-0.0195,0.307,0.9749
-0.0107,0.3016,0.9808
-0.0024,0.286,0.9891
0.0001,0.2728,1.0052
0.0016,0.2704,1.0121
0.004,0.2645,1.0365
0.0026,0.2616,1.0668
-0.0038,0.2635,1.1039
-0.0063,0.2728,1.1332
-0.0165,0.2743,1.1489
-0.0278,0.2806,1.185
-0.0336,0.2787,1.1899
-0.0493,0.2928,1.2105
-0.0561,0.2962,1.2202
-0.0629,0.3026,1.2256
-0.0698,0.3031,1.2295
-0.0825,0.308,1.2295
-0.0888,0.3099,1.2241
-0.1005,0.3094,1.2144
-0.1035,0.3114,1.2061
-0.1152,0.3172,1.1884
-0.124,0.3226,1.1713
-0.1294,0.3221,1.1498
-0.126,0.325,1.1381
-0.1211,0.326,1.1205
-0.1113,0.3285,1.1078
-0.104,0.3294,1.0991
-0.0937,0.329,1.0927
-0.0732,0.3255,1.0868
-0.0698,0.3246,1.0883
-0.061,0.3207,1.0903
-0.0527,0.3133,1.1049
-0.0444,0.307,1.1122
-0.041,0.3036,1.12
-0.0273,0.2855,1.1415
-0.0253,0.2791,1.1498
-0.0258,0.2713,1.1577
-0.0224,0.2591,1.1684
-0.019,0.2396,1.185
-0.0224,0.2249,1.2002
-0.0234,0.2156,1.2046
-0.0258,0.2092,1.2119
-0.0278,0.1956,1.2212
-0.0351,0.1824,1.2236
-0.0366,0.177,1.2271
-0.0312,0.1653,1.2222
-0.0239,0.1594,1.21
-0.0156,0.157,1.1997
-0.0058,0.1453,1.1801
0.004,0.1355,1.1542
0.0079,0.1331,1.144
0.0118,0.1345,1.1342
0.0167,0.137,1.1215
0.0177,0.1355,1.1103
0.0289,0.1389,1.0937
0.0275,0.1375,1.0829
0.0309,0.1453,1.0697
0.0309,0.1531,1.0521
0.0294,0.1668,1.0311
0.0309,0.1677,1.0243
0.027,0.1726,1.0043
0.0275,0.1795,0.9979
0.0299,0.1858,0.972
0.0304,0.1917,0.9515
0.0284,0.1941,0.9441
0.028,0.197,0.9358
0.0299,0.2083,0.9109
0.0294,0.2092,0.9124
0.0289,0.2088,0.9046
0.0304,0.2112,0.8943
0.025,0.2112,0.8924
0.026,0.2156,0.886
0.0245,0.2122,0.8743
0.0167,0.2102,0.8689
0.0094,0.2049,0.8694
0.0079,0.2014,0.8753
0.0045,0.1956,0.8865
0.0031,0.1917,0.906
0.0006,0.1892,0.9139
0.0055,0.176,0.9275
0.0055,0.1658,0.9407
0.006,0.1648,0.9534
0.0045,0.1575,0.9554
0.0055,0.1585,0.9627
0.0099,0.1604,0.9646
0.0109,0.1638,0.9651
0.007,0.1599,0.9637
0.0045,0.1663,0.9588
0.0031,0.1653,0.9588
0.0016,0.1726,0.9466
0.0016,0.1795,0.9471
-0.0024,0.1873,0.9397
-0.0019,0.1907,0.9358
-0.0029,0.1961,0.93
0.0006,0.2014,0.9251
-0.0019,0.2039,0.9143
-0.0068,0.2073,0.9095
-0.0058,0.2073,0.9046
-0.0097,0.2092,0.9021
-0.0204,0.2063,0.8948
-0.0175,0.2029,0.8992
-0.0263,0.2044,0.9007
-0.0244,0.2024,0.9041
-0.0253,0.2019,0.9099
-0.0175,0.2034,0.9134
-0.0195,0.2009,0.9187
-0.0131,0.2019,0.9192
-0.0092,0.2019,0.9251
-0.0019,0.2014,0.9363
0.004,0.2034,0.9397
0.0079,0.2009,0.9432
0.0138,0.2029,0.9505
0.0153,0.1961,0.9612
0.0221,0.1956,0.9602
0.0197,0.1941,0.9661
0.0221,0.1868,0.9651
0.0153,0.1897,0.9578
0.0197,0.1892,0.9554
0.0172,0.1902,0.9544
0.0148,0.1995,0.948
0.0099,0.2058,0.949
0.0045,0.2127,0.9485
-0.0009,0.2259,0.9578
-0.0082,0.2307,0.9578
-0.018,0.2391,0.9568
-0.0292,0.2464,0.95
-0.0351,0.2508,0.9436
-0.0439,0.2542,0.9314
-0.0497,0.2562,0.9178
-0.0527,0.2567,0.9129
-0.0522,0.2577,0.9095
-0.0473,0.2552,0.8968
-0.0473,0.2547,0.8933
-0.0414,0.2518,0.8841
-0.0253,0.2454,0.8811
-0.017,0.2381,0.888
-0.0048,0.2307,0.8841
-0.0038,0.2219,0.8797
0.0021,0.2151,0.8787
0.0148,0.2063,0.8811
0.025,0.2019,0.8758
0.0363,0.2068,0.8841
0.0411,0.2024,0.8831
0.0421,0.2073,0.888
0.0558,0.2078,0.8929
0.0534,0.2117,0.8953
0.0519,0.2132,0.8924
0.0387,0.2063,0.8929
0.0328,0.2073,0.8792
0.0275,0.2107,0.8762
0.026,0.2058,0.8654
0.0216,0.2112,0.8508
0.0143,0.2107,0.844
0.0138,0.221,0.8181
0.0074,0.2263,0.8108
0.0055,0.2327,0.8068
-0.0073,0.2464,0.8025
-0.0161,0.2518,0.8
-0.0244,0.2542,0.8044
-0.0356,0.2645,0.8049
-0.0429,0.2684,0.8132
-0.0478,0.287,0.8298
-0.0507,0.2904,0.8308
-0.0473,0.2923,0.843
-0.0419,0.2938,0.8444
-0.0268,0.2962,0.8381
-0.0209,0.2889,0.8396
-0.0131,0.2909,0.8332
-0.0043,0.2879,0.8303
0.0109,0.2816,0.8195
0.0221,0.2674,0.8156
0.027,0.2645,0.8137
0.0348,0.2611,0.8156
0.0431,0.2562,0.8166
0.0485,0.2557,0.8156
0.0524,0.2508,0.8195
0.0577,0.2513,0.823
0.0538,0.2503,0.822
0.0543,0.2494,0.8322
0.0538,0.2508,0.8303
0.0534,0.2503,0.8322
0.0475,0.2528,0.8352
0.0421,0.2562,0.8357
0.046,0.2621,0.8396
0.0338,0.2733,0.8435
0.0343,0.2787,0.8401
0.0284,0.2835,0.8352
0.0265,0.2889,0.8366
0.0109,0.2997,0.8361
0.0006,0.3036,0.8322
-0.0034,0.3089,0.8381
-0.019,0.3177,0.8357
-0.0278,0.3275,0.841
-0.0322,0.326,0.8469
-0.038,0.3353,0.8537
-0.0395,0.3412,0.8625
-0.041,0.3392,0.8684
-0.0331,0.3412,0.8753
-0.0297,0.3436,0.8762
-0.0283,0.3358,0.886
-0.019,0.3358,0.886
-0.0136,0.3358,0.8963
-0.0004,0.3329,0.8997
0.0065,0.3338,0.9031
0.0172,0.3324,0.906
0.0338,0.3314,0.9187
0.047,0.3324,0.9358
0.0617,0.327,0.9495
0.0646,0.3255,0.9617
0.0709,0.3236,0.9813
0.0729,0.3197,0.9886
0.0763,0.3153,0.9984
0.0768,0.3153,1.0233
0.0719,0.3114,1.0472
0.0675,0.3094,1.056
0.0607,0.3065,1.0726
0.0504,0.308,1.0785
0.0367,0.2997,1.078
0.0358,0.2982,1.0785
0.0333,0.2967,1.0804
0.027,0.2967,1.0712
0.0284,0.2933,1.0653
0.027,0.2909,1.0555
0.0294,0.2909,1.0521
0.0284,0.2948,1.0404
0.0265,0.2987,1.0355
0.0289,0.307,1.0282
0.0299,0.3104,1.0253
0.027,0.3163,1.015
0.0221,0.325,1.0135
0.0177,0.3324,1.015
0.0065,0.3421,1.0243
0.0016,0.3476,1.0282
-0.0136,0.352,1.0379
-0.0258,0.3539,1.0438
-0.04,0.3554,1.0555
-0.0414,0.3559,1.0712
-0.0497,0.3549,1.1117
-0.0546,0.3265,1.1537
-0.0566,0.3143,1.165
-0.0517,0.2713,1.1801
-0.0449,0.2616,1.1835
-0.0346,0.2469,1.1913
-0.0341,0.2337,1.1934
-0.0156,0.2122,1.1973
0.0045,0.1961,1.1953
0.0221,0.1941,1.1904
0.0299,0.1912,1.1845
0.0436,0.1975,1.1738
0.0504,0.198,1.1713
0.045,0.2078,1.1533
0.0363,0.22,1.1318
0.0255,0.2268,1.1235
0.0128,0.2459,1.103
-0.0097,0.2572,1.0907
-0.0405,0.2699,1.0868
-0.0527,0.2806,1.0873
-0.0659,0.2845,1.0868
-0.0815,0.2914,1.0858
-0.1069,0.305,1.101
-0.1226,0.3119,1.1054
-0.1411,0.3163,1.1142
-0.1528,0.3226,1.1176
-0.166,0.3246,1.122
-0.1714,0.328,1.1225
-0.1763,0.3211,1.124
-0.169,0.3084,1.123
-0.1631,0.3026,1.1191
-0.1568,0.2962,1.1161
-0.1441,0.2796,1.1059
-0.1421,0.2689,1.0917
-0.1221,0.2503,1.0746
-0.1065,0.2425,1.0516
-0.0966,0.2391,1.0399
-0.0888,0.2356,1.0301
-0.0747,0.2317,1.0135
-0.0727,0.2327,1.0008
-0.0673,0.2278,0.9862
-0.0644,0.2278,0.9793
-0.0566,0.2278,0.9544
-0.0581,0.2273,0.9524
-0.061,0.2371,0.9378
-0.061,0.2361,0.9368
-0.062,0.2356,0.9368
-0.0693,0.2332,0.9461
-0.0688,0.2298,0.9451
-0.0664,0.2307,0.9505
-0.0615,0.2229,0.9637
-0.06,0.2234,0.9607
-0.0517,0.2166,0.9715
-0.0483,0.2097,0.9773
-0.0395,0.2024,0.9852
-0.0366,0.2014,0.9798
-0.0331,0.199,0.9828
-0.0253,0.1995,0.9852
-0.0322,0.2,0.9862
-0.0234,0.2049,0.9803
-0.0283,0.2078,0.9783
-0.0288,0.2112,0.9725
-0.0292,0.2146,0.9685
-0.0317,0.221,0.9583
-0.0283,0.2254,0.9529
-0.0356,0.2273,0.949
-0.0395,0.2268,0.9397
-0.0449,0.2215,0.9417
-0.0454,0.219,0.9432
-0.0444,0.22,0.9392
-0.0434,0.2127,0.9432
-0.0458,0.2107,0.9446
-0.0517,0.2009,0.9515
-0.0532,0.1956,0.9583
-0.0571,0.1966,0.9656
-0.0595,0.1868,0.9793
-0.0605,0.1824,0.9803
-0.062,0.1819,0.9828
-0.0664,0.1804,0.9842
-0.0639,0.1829,0.9847
-0.0683,0.1814,0.9778
-0.0644,0.1843,0.9632
-0.0659,0.1824,0.9573
-0.0605,0.1746,0.9388
-0.059,0.1736,0.93
-0.0581,0.1697,0.9192
-0.0532,0.1677,0.9016
-0.0502,0.1658,0.8753
-0.0507,0.1633,0.863
-0.0424,0.1643,0.8513
-0.0439,0.1653,0.8366
-0.0375,0.1721,0.822
-0.0375,0.1775,0.82
-0.0331,0.1795,0.8156
-0.0312,0.1887,0.8117
-0.0312,0.1931,0.8049
-0.0331,0.1926,0.8064
-0.04,0.2014,0.8039
-0.0454,0.2063,0.8083
-0.0541,0.2117,0.8205
-0.0624,0.2219,0.8425
-0.0693,0.2244,0.8474
-0.082,0.2268,0.8664
-0.0908,0.2327,0.8718
-0.0996,0.2327,0.8758
-0.1221,0.2371,0.8777
-0.1265,0.2366,0.8787
-0.1314,0.243,0.8728
-0.1279,0.2401,0.864
-0.1231,0.2474,0.8498
-0.1221,0.2518,0.844
-0.1143,0.2533,0.8401
-0.102,0.2537,0.8357
-0.0996,0.2562,0.8161
-0.0927,0.2611,0.8117
-0.0815,0.2547,0.8
-0.0771,0.2557,0.7985
-0.0737,0.2577,0.7961
-0.0678,0.2528,0.7868
-0.0629,0.2489,0.7795
-0.06,0.2464,0.7707
-0.0551,0.2445,0.7677
-0.0522,0.243,0.7683
-0.0517,0.2415,0.7614
-0.0439,0.243,0.7751
-0.0449,0.2513,0.8005
-0.0449,0.2557,0.8186
-0.0473,0.2621,0.843
-0.0512,0.2645,0.8606
-0.0551,0.2606,0.8919
-0.0727,0.2557,0.9256
-0.0786,0.2523,0.9348
-0.0859,0.2484,0.9368
-0.0927,0.2459,0.9456
-0.0947,0.2435,0.9471
-0.1035,0.244,0.9436
-0.1035,0.242,0.9358
-0.1044,0.245,0.9241
-0.1054,0.2459,0.908
-0.0981,0.2513,0.885
-0.0966,0.2562,0.8762
-0.0898,0.2664,0.8571
-0.083,0.2723,0.8425
-0.08,0.2743,0.842
-0.0805,0.2791,0.8376
-0.0776,0.2855,0.8332
-0.082,0.2821,0.8332
-0.08,0.2879,0.8371
-0.0859,0.2865,0.8459
-0.0874,0.2855,0.8498
-0.0849,0.2894,0.8654
-0.0786,0.283,0.8899
-0.083,0.2855,0.9036
-0.0834,0.284,0.9178
-0.081,0.2782,0.9329
-0.0805,0.2811,0.9485
-0.0834,0.2728,0.9984
-0.082,0.2694,1.0057
-0.08,0.2694,1.0086
-0.0839,0.2645,1.014
-0.0859,0.2562,1.0121
-0.0854,0.2469,1.014
-0.0825,0.2445,1.0116
-0.0776,0.2425,1.0023
-0.0722,0.2406,0.9867
-0.0673,0.2425,0.9681
-0.059,0.2435,0.949
-0.0556,0.2523,0.9378
-0.0546,0.2635,0.9163
-0.0507,0.2704,0.8953
-0.0522,0.2738,0.8846
-0.0541,0.2821,0.8821
-0.0532,0.2884,0.8664
-0.0571,0.2923,0.8625
-0.0654,0.2899,0.8625
-0.0698,0.2987,0.8581
-0.0766,0.3001,0.8591
-0.0957,0.307,0.8684
-0.102,0.307,0.8669
-0.102,0.3158,0.8758
-0.1044,0.3153,0.8846
-0.1035,0.3177,0.8914
-0.1015,0.3167,0.9055
-0.101,0.3177,0.908
-0.0942,0.3089,0.9109
-0.0922,0.3065,0.9109
-0.0883,0.3026,0.9099
-0.0844,0.3006,0.9119
-0.08,0.3031,0.9114
-0.0712,0.2992,0.906
-0.0727,0.2972,0.9114
-0.0673,0.3031,0.909
-0.06,0.304,0.9031
-0.0585,0.3065,0.9031
-0.0571,0.3104,0.8992
-0.06,0.3114,0.8977
-0.0595,0.3158,0.8968
-0.0639,0.3148,0.8948
-0.0639,0.3221,0.8958
-0.0649,0.3255,0.8992
-0.0698,0.328,0.8987
-0.0727,0.328,0.8992
-0.083,0.3368,0.906
-0.082,0.3304,0.9095
-0.0898,0.3299,0.9153
-0.0927,0.3294,0.9192
-0.0952,0.3304,0.9207
-0.0961,0.3314,0.9241
-0.0986,0.3299,0.9251
-0.0961,0.3299,0.9285
-0.0878,0.3309,0.9358
-0.0771,0.3329,0.9358
-0.0727,0.3329,0.9388
-0.0634,0.3343,0.9436
-0.0571,0.3241,0.9446
-0.0551,0.3231,0.9432
-0.0502,0.3167,0.9544
-0.0385,0.3119,0.9563
-0.0346,0.3016,0.9593
-0.0278,0.2928,0.9646
-0.0219,0.2899,0.9768
-0.0161,0.2782,0.9847
-0.0156,0.2767,0.9911
-0.0102,0.2733,1.0033
-0.0078,0.2704,1.014
-0.0078,0.2704,1.0253
-0.0082,0.2694,1.0379
-0.0136,0.2704,1.0541
-0.0248,0.2738,1.0751
-0.0283,0.2757,1.0809
-0.041,0.2835,1.0956
-0.0454,0.2874,1.1005
-0.0497,0.2918,1.1049
-0.0517,0.2938,1.1044
-0.0478,0.3036,1.0951
-0.0444,0.3045,1.0986
-0.0429,0.3031,1.103
-0.0356,0.3065,1.1
-0.0258,0.3094,1.103
-0.0165,0.2957,1.1108
-0.0009,0.2923,1.1108
0.0065,0.2835,1.1103
0.0162,0.2826,1.1103
0.0343,0.2738,1.1074
0.0382,0.2694,1.1083
0.048,0.2635,1.0981
0.049,0.266,1.102
0.0534,0.2567,1.0961
0.0431,0.2601,1.0917
0.0431,0.2562,1.0873
0.0231,0.2591,1.0971
0.0148,0.2577,1.102
-0.0063,0.2591,1.1181
-0.0375,0.2547,1.1313
-0.0473,0.2547,1.1435
-0.0693,0.2528,1.1703
-0.0805,0.2498,1.1845
-0.0898,0.2454,1.1973
-0.1138,0.2415,1.2236
-0.1206,0.2411,1.2373
-0.1196,0.242,1.2412
-0.1304,0.2366,1.2564
-0.1353,0.2259,1.2769
-0.1406,0.2283,1.2837
-0.1314,0.2053,1.292
-0.124,0.2034,1.2886
-0.0903,0.1809,1.2764
-0.0805,0.1765,1.2651
-0.0576,0.1633,1.2529
-0.0253,0.1502,1.2266
-0.0112,0.1433,1.2139
0.0109,0.1267,1.1899
0.0343,0.111,1.1679
0.048,0.1003,1.1616
0.0704,0.0871,1.1406
0.0812,0.0827,1.1347
0.0934,0.0783,1.1303
0.0929,0.0744,1.12
0.1017,0.0749,1.1161
0.1061,0.0749,1.102
0.1056,0.0783,1.0927
0.1007,0.0812,1.0829
0.0919,0.0891,1.0663
0.0743,0.1003,1.0536
0.0719,0.1091,1.0477
0.0665,0.1159,1.0379
0.0631,0.1267,1.0365
0.0499,0.1428,1.0169
0.0431,0.1497,1.014
0.0309,0.1575,0.9994
0.0265,0.1682,0.992
0.0192,0.1697,0.9798
0.0153,0.176,0.9768
0.0079,0.1883,0.9666
0.0045,0.1868,0.9612
0.0001,0.1931,0.9466
-0.0068,0.1902,0.9368
-0.0053,0.1907,0.9344
-0.0053,0.1883,0.9295
-0.0068,0.1716,0.9324
-0.0058,0.1663,0.9348
-0.0038,0.1619,0.9417
0.004,0.1585,0.9461
0.0035,0.1536,0.9471
0.006,0.1467,0.9607
0.005,0.1414,0.9515
0.006,0.1409,0.9578
0.0065,0.136,0.9554
0.0084,0.1399,0.9617
0.0074,0.1419,0.9544
0.0089,0.1394,0.9583
0.0153,0.1384,0.9505
0.0089,0.1375,0.9446
0.0109,0.136,0.9432
0.0114,0.1438,0.9285
0.007,0.1467,0.9202
0.0084,0.155,0.9099
0.0074,0.1585,0.9041
0.0114,0.1658,0.8987
0.007,0.1775,0.8846
0.007,0.1804,0.8855
0.007,0.1858,0.8708
0.0079,0.1931,0.8674
0.0074,0.198,0.863
0.0138,0.199,0.863
0.0094,0.199,0.8591
0.0114,0.2029,0.8606
0.0109,0.1975,0.8581
0.0128,0.1961,0.8537
0.0172,0.197,0.8503
0.0167,0.1922,0.8513
0.0187,0.1907,0.8444
0.0245,0.1931,0.8357
0.0314,0.1887,0.8298
0.0363,0.1863,0.8176
0.0426,0.1878,0.8142
0.0494,0.1824,0.8005
0.049,0.1819,0.7995
0.0558,0.1843,0.7932
0.0592,0.1843,0.7839
0.0587,0.1873,0.7844
0.0597,0.1941,0.7839
0.0597,0.1995,0.7839
0.0534,0.2024,0.781
0.0514,0.199,0.7878
0.0446,0.2092,0.7863
0.0265,0.2176,0.7966
0.0226,0.2171,0.7971
0.0162,0.2185,0.8034
0.0104,0.2259,0.8127
0.0031,0.2381,0.822
0.0001,0.2366,0.8337
-0.0009,0.2376,0.8396
-0.0063,0.2464,0.8571
-0.0038,0.2503,0.8625
-0.0058,0.2494,0.8723
0.0001,0.2489,0.8831
0.0079,0.2332,0.8748
0.0216,0.2317,0.8703
0.0265,0.2322,0.8615
0.0441,0.219,0.8479
0.0514,0.2166,0.8405
0.0607,0.219,0.8337
0.0734,0.22,0.8244
0.0724,0.219,0.8244
0.0831,0.2229,0.823
0.0851,0.2239,0.8215
0.0861,0.2273,0.8259
0.0797,0.2293,0.8313
0.0763,0.2366,0.8371
0.0714,0.2401,0.8518
0.0538,0.2425,0.8581
0.0504,0.2464,0.8606
0.046,0.2376,0.8615
0.0411,0.2425,0.8581
0.0324,0.245,0.8615
0.0309,0.2479,0.8625
0.0275,0.2498,0.8635
0.0245,0.2528,0.8703
0.025,0.2537,0.8703
0.0231,0.2572,0.8723
0.0226,0.2606,0.8694
0.025,0.2616,0.8713
0.027,0.2621,0.8684
0.0333,0.2655,0.8777
0.0353,0.266,0.8777
0.0387,0.2694,0.8767
0.0402,0.2679,0.8767
0.0475,0.2669,0.8772
0.048,0.2645,0.8659
0.0577,0.2655,0.8654
0.0631,0.2621,0.8596
0.0631,0.2684,0.8581
0.068,0.263,0.8581
0.0695,0.2669,0.8596
0.0719,0.266,0.863
0.0704,0.2694,0.865
0.069,0.2684,0.8689
0.066,0.2689,0.8708
0.0631,0.2708,0.8713
0.0641,0.265,0.8767
0.0626,0.2645,0.8792
0.0563,0.2674,0.8831
0.0519,0.2674,0.8846
0.0494,0.2625,0.888
0.045,0.266,0.8914
0.0309,0.2713,0.8943
0.0275,0.2782,0.8948
0.0245,0.2806,0.906
0.0284,0.2957,0.9158
0.0236,0.3011,0.9202
0.0255,0.306,0.9285
0.0255,0.3119,0.9378
0.0245,0.3133,0.9383
0.026,0.3192,0.948
0.0245,0.3153,0.9515
0.025,0.3153,0.9524
0.0304,0.3055,0.9466
0.0304,0.3036,0.9427
0.0416,0.2957,0.9363
0.0504,0.2874,0.9217
0.0602,0.2845,0.9222
0.0617,0.2811,0.9187
0.069,0.2738,0.9143
0.0753,0.2738,0.9153
0.0773,0.2747,0.9173
0.0787,0.2713,0.9202
0.0846,0.2684,0.9265
0.0846,0.2669,0.9314
0.0729,0.2694,0.948
0.0675,0.2694,0.9593
0.0685,0.2704,0.9641
0.0558,0.2772,0.9818
0.048,0.2738,0.9906
0.0407,0.2772,0.9979
0.028,0.284,1.0072
0.0211,0.2889,1.0169
0.0177,0.2987,1.0248
0.0118,0.3011,1.0292
0.0021,0.3099,1.0296
-0.0043,0.3084,1.0326
-0.0087,0.3133,1.0223
-0.0092,0.3123,1.0174
-0.0078,0.3172,1.0111
-0.0107,0.3177,1.0101
-0.0063,0.3182,1.0023
-0.0014,0.3207,0.9955
0.0021,0.3167,0.9901
0.0084,0.3182,0.9896
0.0148,0.3177,0.9857
0.0226,0.3128,0.9833
0.028,0.304,0.9803
0.0363,0.3006,0.9828
0.0475,0.2855,0.992
0.0509,0.2801,0.9984
0.0519,0.2752,1.0077
0.0529,0.2699,1.0233
0.0446,0.2655,1.0419
0.0421,0.2616,1.0633
0.0343,0.2635,1.0765
0.0324,0.2621,1.0834
0.028,0.2635,1.0843
0.0231,0.2611,1.0863
0.0157,0.263,1.0947
0.007,0.2611,1.0971
0.0074,0.2684,1.0971
0.0035,0.2689,1.103
0.0026,0.2699,1.101
0.0026,0.2713,1.0995
0.0011,0.2699,1.0995
0.0006,0.2713,1.0986
0.005,0.2694,1.0917
0.0045,0.264,1.0873
0.007,0.2664,1.0873
0.007,0.265,1.0888
0.0143,0.2601,1.0853
0.0157,0.2591,1.0804
0.0197,0.2552,1.077
0.026,0.2479,1.0658
0.0284,0.2406,1.0609
0.0304,0.2307,1.0594
0.0304,0.2307,1.0585
0.0304,0.2254,1.0633
0.0241,0.2058,1.0804
0.0231,0.2,1.0848
0.0211,0.1922,1.1108
0.0265,0.1775,1.1381
0.0226,0.1419,1.1782
0.0114,0.1203,1.2212
0.0031,0.1037,1.2505
-0.0009,0.1013,1.2617
-0.0121,0.0895,1.2832
-0.0283,0.0842,1.3004
-0.0424,0.0817,1.3145
-0.0507,0.0808,1.3131
-0.0561,0.0783,1.3023
-0.0654,0.0788,1.2969
-0.0654,0.0793,1.2774
-0.0707,0.0808,1.272
-0.0761,0.0905,1.2344
-0.0771,0.1037,1.1953
-0.0766,0.1145,1.1669
-0.0751,0.1213,1.1464
-0.0742,0.1291,1.1274
-0.0771,0.138,1.0947
-0.079,0.1423,1.0839
-0.0712,0.1423,1.0643
-0.0727,0.1394,1.0589
-0.0717,0.1443,1.0438
-0.0649,0.1345,1.036
-0.0639,0.136,1.0306
-0.0605,0.1315,1.0277
-0.0522,0.1306,1.0267
-0.0493,0.1301,1.0223
-0.0483,0.1315,1.0238
-0.0434,0.1296,1.0262
-0.0375,0.1291,1.0189
-0.0371,0.1301,1.0096
-0.0312,0.1271,1.0106
-0.0307,0.1267,1.0052
-0.0346,0.1286,1.0008
-0.0366,0.1228,1.0018
-0.041,0.1257,0.9999
-0.0434,0.1203,0.992
-0.0517,0.1193,0.9852
-0.0537,0.1208,0.9823
-0.0571,0.1218,0.9739
-0.0683,0.1281,0.9695
-0.0732,0.1286,0.971
-0.0795,0.132,0.9563
-0.0854,0.138,0.9515
-0.0976,0.1453,0.9339
-0.0991,0.1502,0.9295
-0.1054,0.155,0.9207
-0.1049,0.1546,0.9217
-0.1054,0.1565,0.909
-0.1025,0.1599,0.908
-0.1005,0.1633,0.9041
-0.102,0.1614,0.9055
-0.0966,0.1624,0.9031
-0.0844,0.159,0.9016
-0.0839,0.1604,0.8987
-0.083,0.1594,0.9026
-0.0639,0.1526,0.8938
-0.0585,0.1477,0.8899
-0.0512,0.1497,0.8855
-0.04,0.1477,0.8841
-0.0356,0.1463,0.8797
-0.0273,0.1414,0.8753
-0.0263,0.1404,0.8777
-0.0214,0.138,0.8703
-0.0146,0.136,0.8654
-0.0136,0.1423,0.8669
-0.0131,0.1448,0.8576
-0.0136,0.1502,0.8586
-0.0102,0.1575,0.8537
-0.0097,0.1575,0.8542
-0.0175,0.1633,0.8542
-0.02,0.1687,0.8571
-0.0253,0.1712,0.8567
-0.0356,0.179,0.8562
-0.0488,0.1853,0.8571
-0.0497,0.1892,0.8591
-0.0551,0.1985,0.8635
-0.0659,0.1985,0.8674
-0.0693,0.1951,0.8689
-0.0786,0.1931,0.8679
-0.0893,0.1892,0.8875
-0.1895,0.1096,0.9671
-0.3312,0.1315,1.0282
-0.4167,0.2718,1.0194
-0.2379,0.326,0.9109
-0.2095,0.3236,0.8992
-0.208,0.2811,0.9124
-0.1934,0.2791,0.9275
-0.1651,0.2752,0.9212
-0.0878,0.2518,0.9041
-0.0292,0.2205,0.8977
0.0499,0.155,0.9051
0.0641,0.1375,0.9012
0.0797,0.1032,0.8889
0.0851,0.0954,0.8826
0.0924,0.0915,0.8777
0.0866,0.1008,0.8601
0.0739,0.1149,0.8552
0.0709,0.1218,0.8503
0.069,0.1311,0.8527
0.0607,0.1511,0.8488
0.047,0.1692,0.8484
0.0421,0.18,0.8444
0.0392,0.1892,0.8435
0.0338,0.198,0.842
0.026,0.2,0.8337
0.0211,0.1941,0.8371
0.0104,0.1912,0.8371
-0.0009,0.1863,0.8396
0.0016,0.1902,0.8381
-0.0019,0.1985,0.8488
-0.0034,0.2009,0.861
0.0001,0.2024,0.8679
-0.0019,0.2053,0.8733
-0.0053,0.2044,0.8899
-0.0068,0.2073,0.8977
-0.0126,0.2088,0.906
-0.02,0.2107,0.9085
-0.0297,0.22,0.928
-0.0444,0.2254,0.9353
-0.0488,0.2371,0.9417
-0.0532,0.2401,0.9446
-0.059,0.2474,0.9388
-0.0659,0.2567,0.9314
-0.0703,0.2601,0.9246
-0.0698,0.2645,0.9065
-0.0727,0.2616,0.8997
-0.0659,0.2596,0.8909
-0.062,0.2606,0.8875
-0.062,0.2586,0.8792
-0.0566,0.2596,0.8694
-0.0561,0.2625,0.862
-0.0561,0.264,0.8552
-0.0537,0.2655,0.8484
-0.06,0.2689,0.843
-0.0576,0.2743,0.8386
-0.0624,0.2699,0.8361
-0.061,0.2713,0.841
-0.06,0.2699,0.8449
-0.0517,0.2547,0.8444
-0.0336,0.2298,0.8059
-0.0268,0.2435,0.8191
-0.038,0.2625,0.907
-0.0493,0.2552,0.9012
-0.0537,0.2406,0.8997
-0.0566,0.2342,0.907
-0.0649,0.2381,0.9558
-0.0971,0.2645,0.9495
-0.1143,0.2796,0.9427
-0.1275,0.2894,0.9432
-0.1426,0.3031,0.9402
-0.147,0.3065,0.9461
-0.1524,0.3036,0.9446
-0.147,0.3016,0.9412
-0.126,0.2899,0.9407
-0.1104,0.2801,0.9417
-0.0751,0.2616,0.9456
-0.0546,0.2572,0.9309
-0.0419,0.2757,0.9158
-0.0361,0.2708,0.9046
-0.0258,0.2801,0.8846
-0.0244,0.283,0.8787
